{
  "custom": {},
  "params": {},
  "props": {
    "defaultSize": {
      "height": 422,
      "width": 818
    }
  },
  "root": {
    "children": [
      {
        "meta": {
          "name": "ToggleSwitch_2"
        },
        "position": {
          "height": 33.589999999999975,
          "width": 138,
          "x": 415.99,
          "y": 241.325
        },
        "propConfig": {
          "props.label.style.backgroundColor": {
            "binding": {
              "config": {
                "fallbackDelay": 2.5,
                "mode": "direct",
                "publishInitial": false,
                "tagPath": "[MQTT Engine]Edge Nodes/OptoRio/LearningStation1/Rio01/OptoMMP/Modules/Channels/Blue_Ring_LED/State"
              },
              "type": "tag"
            }
          },
          "props.selected": {
            "binding": {
              "config": {
                "bidirectional": true,
                "fallbackDelay": 2.5,
                "mode": "direct",
                "tagPath": "[MQTT Engine]Edge Nodes/OptoRio/LearningStation1/Rio01/OptoMMP/Modules/Channels/Blue_Ring_LED/State"
              },
              "type": "tag"
            }
          }
        },
        "props": {
          "label": {
            "text": "control1"
          }
        },
        "type": "ia.input.toggle-switch"
      },
      {
        "meta": {
          "name": "Label_11"
        },
        "position": {
          "height": 30.230000000000018,
          "width": 119.00000000000006,
          "x": 444.96,
          "y": 215.62
        },
        "props": {
          "text": "Blue Ring LED"
        },
        "type": "ia.display.label"
      },
      {
        "meta": {
          "name": "LedDisplay_1"
        },
        "position": {
          "height": 38,
          "width": 97,
          "x": 10.4645,
          "y": 239.645
        },
        "propConfig": {
          "props.value": {
            "binding": {
              "config": {
                "fallbackDelay": 2.5,
                "mode": "indirect",
                "references": {},
                "tagPath": "[MQTT Engine]Edge Nodes/OptoRio/LearningStation1/Rio01/OptoMMP/Modules/Channels/PID_Temperature/Value"
              },
              "type": "tag"
            }
          }
        },
        "props": {
          "numberFormat": "#,##0.0"
        },
        "type": "ia.display.led-display"
      },
      {
        "meta": {
          "name": "Label_17"
        },
        "position": {
          "height": 32,
          "width": 103,
          "x": 245.275,
          "y": 265.144
        },
        "propConfig": {
          "props.style.backgroundColor": {
            "binding": {
              "config": {
                "fallbackDelay": 2.5,
                "mode": "direct",
                "tagPath": "[MQTT Engine]Edge Nodes/OptoRio/LearningStation1/Rio01/OptoMMP/Modules/Channels/Bottom_Button/State"
              },
              "type": "tag"
            }
          }
        },
        "props": {
          "text": "PushButton2"
        },
        "type": "ia.display.label"
      },
      {
        "meta": {
          "name": "Thermometer"
        },
        "position": {
          "height": 154.99999999999997,
          "rotate": {
            "anchor": "50% 25%"
          },
          "width": 80,
          "x": 141.915,
          "y": 183.39
        },
        "propConfig": {
          "props.value": {
            "binding": {
              "config": {
                "fallbackDelay": 2.5,
                "mode": "direct",
                "publishInitial": false,
                "tagPath": "[MQTT Engine]Edge Nodes/OptoRio/LearningStation1/Rio01/OptoMMP/Modules/Channels/PID_Temperature/Value"
              },
              "type": "tag"
            }
          }
        },
        "props": {
          "highBound": 30,
          "intervals": [
            {
              "color": "#47A9E5",
              "high": 25,
              "low": 0
            },
            {
              "color": "#B394EF",
              "high": 75,
              "low": 25
            },
            {
              "color": "#DB3939",
              "high": 100,
              "low": 75
            }
          ],
          "lowBound": 15,
          "unit": "F"
        },
        "type": "ia.display.thermometer"
      },
      {
        "meta": {
          "name": "Yellow pilot light 2"
        },
        "position": {
          "height": 30,
          "width": 30,
          "x": 547,
          "y": 240.475
        },
        "propConfig": {
          "meta.visible": {
            "binding": {
              "config": {
                "fallbackDelay": 2.5,
                "mode": "indirect",
                "references": {
                  "Namespace": "{../Label_Full_Namespace.props.text}"
                },
                "tagPath": "{Namespace}/control1"
              },
              "transforms": [
                {
                  "fallback": null,
                  "inputType": "scalar",
                  "mappings": [
                    {
                      "input": "true",
                      "output": true
                    },
                    {
                      "input": "false",
                      "output": false
                    }
                  ],
                  "outputType": "scalar",
                  "type": "map"
                }
              ],
              "type": "tag"
            }
          }
        },
        "props": {
          "elements": [
            {
              "cx": "499",
              "cy": "499",
              "fill": {
                "paint": "#000"
              },
              "name": "circle",
              "r": "499",
              "stroke": {
                "paint": "#4c4c4c",
                "width": "2"
              },
              "type": "circle"
            },
            {
              "d": "M21,499 l34,-180 103,-162 162,-102 180,-35 179,35 162,102 102,162 35,180 -35,179 -102,162 -162,103 -179,34 -180,-34 -162,-103 -103,-162 -34,-179z",
              "fill": {
                "paint": "#fc0"
              },
              "name": "path",
              "type": "path"
            },
            {
              "d": "M115,404 l20,-108 63,-98 99,-64 108,-21 110,21 98,64 63,98 21,108 -21,110 -63,98 -98,63 -110,21 -108,-21 -99,-63 -63,-98 -20,-110z",
              "fill": {
                "paint": "#ffe06b"
              },
              "name": "path",
              "type": "path"
            },
            {
              "cx": "359",
              "cy": "357",
              "fill": {
                "paint": "#ffeda3"
              },
              "name": "circle",
              "r": "198",
              "type": "circle"
            },
            {
              "cx": "311",
              "cy": "311",
              "fill": {
                "paint": "#fffad9"
              },
              "name": "circle",
              "r": "104",
              "type": "circle"
            }
          ],
          "viewBox": "0 0 999 999"
        },
        "type": "ia.shapes.svg"
      },
      {
        "meta": {
          "name": "3-D yellow button (not pressed)"
        },
        "position": {
          "height": 30,
          "width": 30,
          "x": 353.275,
          "y": 215.394
        },
        "propConfig": {
          "meta.visible": {
            "binding": {
              "config": {
                "fallbackDelay": 2.5,
                "mode": "indirect",
                "references": {
                  "Namespace": "{../Label_Full_Namespace.props.text}"
                },
                "tagPath": "{Namespace}/pushbutton1.value"
              },
              "transforms": [
                {
                  "fallback": false,
                  "inputType": "scalar",
                  "mappings": [
                    {
                      "input": "0",
                      "output": true
                    },
                    {
                      "input": "1",
                      "output": false
                    }
                  ],
                  "outputType": "scalar",
                  "type": "map"
                }
              ],
              "type": "tag"
            }
          }
        },
        "props": {
          "elements": [
            {
              "d": "M689,965 l-124,34 -132,0 -124,-34 -114,-66 -96,-96 -66,-114 -33,-124 0,-132 33,-124 66,-114 96,-96 114,-66 124,-33 132,0 124,33 114,66 96,96 66,114 34,124 0,132 -34,124 -66,114 -96,96 -114,66z",
              "fill": {
                "paint": "#999"
              },
              "name": "path",
              "stroke": {
                "paint": "#4c4c4c",
                "width": "2"
              },
              "type": "path"
            },
            {
              "d": "M352,920 l-120,-51 -88,-84 -60,-103 -32,-120 0,-122 32,-116 60,-103 88,-89 103,-58 116,-33 122,0 118,33 88,60 98,105 -235,-103 -451,604 161,180z",
              "fill": {
                "paint": "#e5e5e5"
              },
              "name": "path",
              "stroke": {
                "paint": "#b2b2b2",
                "width": "2"
              },
              "type": "path"
            },
            {
              "d": "M691,965 l-126,34 -130,0 -301,-323 493,-575 338,206 34,126 0,130 -34,128 -66,114 -94,94 -114,66z",
              "fill": {
                "paint": "#333"
              },
              "name": "path",
              "stroke": {
                "paint": "#4c4c4c",
                "width": "2"
              },
              "type": "path"
            },
            {
              "d": "M646,864 l-96,26 -104,0 -96,-26 -90,-51 -75,-75 -51,-90 -26,-96 0,-104 26,-96 51,-90 75,-75 90,-51 96,-26 104,0 96,26 90,51 75,75 51,90 26,96 0,104 -26,96 -51,90 -75,75 -90,51z",
              "fill": {
                "paint": "#d9d900"
              },
              "name": "path",
              "stroke": {
                "paint": "#4c4c4c",
                "width": "2"
              },
              "type": "path"
            },
            {
              "d": "M563,779 l-99,26 -101,0 -99,-26 -88,-53 -73,-71 -53,-90 -26,-99 0,-101 26,-99 53,-90 71,-71 90,-53 99,-26 101,0 99,26 90,53 72,71 52,90 26,99 0,101 -26,99 -52,90 -72,71 -90,53z",
              "fill": {
                "paint": "#ff0"
              },
              "name": "path",
              "stroke": {
                "paint": "#4c4c4c",
                "width": "2"
              },
              "type": "path"
            },
            {
              "d": "M474,714 l-118,0 -111,-45 -84,-85 -45,-109 0,-117 45,-111 84,-84 109,-45 118,0 110,45 85,84 45,109 0,119 -45,109 -85,85 -108,45z",
              "fill": {
                "paint": "#ff0"
              },
              "name": "path",
              "stroke": {
                "paint": "#ebeb00",
                "width": "2"
              },
              "type": "path"
            },
            {
              "d": "M464,667 l-99,0 -93,-38 -72,-71 -37,-92 0,-99 37,-94 72,-71 91,-38 99,0 94,38 71,71 38,92 0,101 -38,92 -71,71 -92,38z",
              "fill": {
                "paint": "#ff0"
              },
              "name": "path",
              "stroke": {
                "paint": "#ebeb00",
                "width": "2"
              },
              "type": "path"
            }
          ],
          "viewBox": "0 0 999 999"
        },
        "type": "ia.shapes.svg"
      },
      {
        "meta": {
          "name": "3-D yellow button (not pressed)_0"
        },
        "position": {
          "height": 30,
          "width": 30,
          "x": 353.275,
          "y": 270.394
        },
        "propConfig": {
          "meta.visible": {
            "binding": {
              "config": {
                "fallbackDelay": 2.5,
                "mode": "indirect",
                "references": {
                  "Namespace": "{../Label_Full_Namespace.props.text}"
                },
                "tagPath": "{Namespace}/pushbutton2.value"
              },
              "transforms": [
                {
                  "fallback": false,
                  "inputType": "scalar",
                  "mappings": [
                    {
                      "input": "0",
                      "output": true
                    },
                    {
                      "input": "1",
                      "output": false
                    }
                  ],
                  "outputType": "scalar",
                  "type": "map"
                }
              ],
              "type": "tag"
            }
          }
        },
        "props": {
          "elements": [
            {
              "d": "M689,965 l-124,34 -132,0 -124,-34 -114,-66 -96,-96 -66,-114 -33,-124 0,-132 33,-124 66,-114 96,-96 114,-66 124,-33 132,0 124,33 114,66 96,96 66,114 34,124 0,132 -34,124 -66,114 -96,96 -114,66z",
              "fill": {
                "paint": "#999"
              },
              "name": "path",
              "stroke": {
                "paint": "#4c4c4c",
                "width": "2"
              },
              "type": "path"
            },
            {
              "d": "M352,920 l-120,-51 -88,-84 -60,-103 -32,-120 0,-122 32,-116 60,-103 88,-89 103,-58 116,-33 122,0 118,33 88,60 98,105 -235,-103 -451,604 161,180z",
              "fill": {
                "paint": "#e5e5e5"
              },
              "name": "path",
              "stroke": {
                "paint": "#b2b2b2",
                "width": "2"
              },
              "type": "path"
            },
            {
              "d": "M691,965 l-126,34 -130,0 -301,-323 493,-575 338,206 34,126 0,130 -34,128 -66,114 -94,94 -114,66z",
              "fill": {
                "paint": "#333"
              },
              "name": "path",
              "stroke": {
                "paint": "#4c4c4c",
                "width": "2"
              },
              "type": "path"
            },
            {
              "d": "M646,864 l-96,26 -104,0 -96,-26 -90,-51 -75,-75 -51,-90 -26,-96 0,-104 26,-96 51,-90 75,-75 90,-51 96,-26 104,0 96,26 90,51 75,75 51,90 26,96 0,104 -26,96 -51,90 -75,75 -90,51z",
              "fill": {
                "paint": "#d9d900"
              },
              "name": "path",
              "stroke": {
                "paint": "#4c4c4c",
                "width": "2"
              },
              "type": "path"
            },
            {
              "d": "M563,779 l-99,26 -101,0 -99,-26 -88,-53 -73,-71 -53,-90 -26,-99 0,-101 26,-99 53,-90 71,-71 90,-53 99,-26 101,0 99,26 90,53 72,71 52,90 26,99 0,101 -26,99 -52,90 -72,71 -90,53z",
              "fill": {
                "paint": "#ff0"
              },
              "name": "path",
              "stroke": {
                "paint": "#4c4c4c",
                "width": "2"
              },
              "type": "path"
            },
            {
              "d": "M474,714 l-118,0 -111,-45 -84,-85 -45,-109 0,-117 45,-111 84,-84 109,-45 118,0 110,45 85,84 45,109 0,119 -45,109 -85,85 -108,45z",
              "fill": {
                "paint": "#ff0"
              },
              "name": "path",
              "stroke": {
                "paint": "#ebeb00",
                "width": "2"
              },
              "type": "path"
            },
            {
              "d": "M464,667 l-99,0 -93,-38 -72,-71 -37,-92 0,-99 37,-94 72,-71 91,-38 99,0 94,38 71,71 38,92 0,101 -38,92 -71,71 -92,38z",
              "fill": {
                "paint": "#ff0"
              },
              "name": "path",
              "stroke": {
                "paint": "#ebeb00",
                "width": "2"
              },
              "type": "path"
            }
          ],
          "viewBox": "0 0 999 999"
        },
        "type": "ia.shapes.svg"
      },
      {
        "meta": {
          "name": "Label_4"
        },
        "position": {
          "height": 32,
          "width": 125.99999999999999,
          "x": 9.95,
          "y": 210.91
        },
        "props": {
          "text": "Temperature"
        },
        "type": "ia.display.label"
      },
      {
        "meta": {
          "name": "Label_10"
        },
        "position": {
          "height": 32,
          "width": 103,
          "x": 245,
          "y": 219
        },
        "propConfig": {
          "props.style.backgroundColor": {
            "binding": {
              "config": {
                "fallbackDelay": 2.5,
                "mode": "indirect",
                "references": {},
                "tagPath": "[MQTT Engine]Edge Nodes/OptoRio/LearningStation1/Rio01/OptoMMP/Modules/Channels/Top_Button/State"
              },
              "transforms": [
                {
                  "fallback": "#FFFFFF",
                  "inputType": "scalar",
                  "mappings": [
                    {
                      "input": false,
                      "output": "#D5D5D5"
                    },
                    {
                      "input": true,
                      "output": "#00D900"
                    }
                  ],
                  "outputType": "color",
                  "type": "map"
                }
              ],
              "type": "tag"
            }
          }
        },
        "props": {
          "text": "PushButton1"
        },
        "type": "ia.display.label"
      },
      {
        "meta": {
          "name": "Label"
        },
        "position": {
          "height": 32,
          "width": 126,
          "x": 284,
          "y": 105
        },
        "propConfig": {
          "props.text": {
            "binding": {
              "config": {
                "fallbackDelay": 2.5,
                "mode": "direct",
                "publishInitial": false,
                "tagPath": "[MQTT Engine]Edge Nodes/Smart Homes Inc/Neighborhood 2/home1/count"
              },
              "type": "tag"
            }
          }
        },
        "type": "ia.display.label"
      }
    ],
    "meta": {
      "contextMenu": {
        "enabled": true
      },
      "name": "root"
    },
    "position": {
      "x": 185.80000114440918,
      "y": -5.01251220703125
    },
    "type": "ia.container.coord"
  }
}