{
  "custom": {},
  "params": {},
  "props": {
    "defaultSize": {
      "height": 692,
      "width": 387
    }
  },
  "root": {
    "children": [
      {
        "meta": {
          "name": "Label_1"
        },
        "position": {
          "height": 42.06999999999999,
          "width": 50.000000000000014,
          "x": 50.860000000000014,
          "y": 76.77
        },
        "props": {
          "text": "Count"
        },
        "type": "ia.display.label"
      },
      {
        "meta": {
          "name": "Slider_0"
        },
        "position": {
          "height": 58,
          "rotate": {
            "anchor": "181% -43%"
          },
          "width": 168.00000000000003,
          "x": 158.62659350585938,
          "y": 556.6645
        },
        "propConfig": {
          "props.value": {
            "binding": {
              "config": {
                "bidirectional": true,
                "fallbackDelay": 2.5,
                "mode": "indirect",
                "references": {
                  "1": "{../Dropdown.props.value}"
                },
                "tagPath": "[default]MQTT Tags/thing{1}/out/stepperSpeed.value"
              },
              "type": "tag"
            }
          }
        },
        "props": {
          "labels": {
            "show": true
          },
          "step": 10
        },
        "type": "ia.input.slider"
      },
      {
        "meta": {
          "name": "MultiStateButton"
        },
        "position": {
          "height": 445,
          "width": 124,
          "x": 14.319998474121093,
          "y": 161.7924996185303
        },
        "propConfig": {
          "props.controlValue": {
            "binding": {
              "config": {
                "bidirectional": true,
                "fallbackDelay": 2.5,
                "mode": "indirect",
                "references": {
                  "1": "{../Dropdown.props.value}"
                },
                "tagPath": "[default]MQTT Tags/home{1}/LEDcolorStrip.value"
              },
              "type": "tag"
            }
          },
          "props.indicatorValue": {
            "binding": {
              "config": {
                "bidirectional": true,
                "fallbackDelay": 2.5,
                "mode": "indirect",
                "references": {
                  "1": "{../Dropdown.props.value}"
                },
                "tagPath": "[MQTT Engine]line1/thing{1}/out/stepperRun"
              },
              "type": "tag"
            }
          }
        },
        "props": {
          "defaultSelectedStyle": {
            "fontSize": 25
          },
          "defaultUnselectedStyle": {
            "fontSize": 25
          },
          "states": [
            {
              "selectedStyle": {
                "backgroundColor": "#fffffff",
                "classes": ""
              },
              "text": "LEDs Off",
              "unselectedStyle": {
                "classes": ""
              },
              "value": 0
            },
            {
              "selectedStyle": {
                "backgroundColor": "#F84553",
                "classes": ""
              },
              "text": "Red",
              "unselectedStyle": {
                "classes": ""
              },
              "value": 1
            },
            {
              "selectedStyle": {
                "backgroundColor": "#ffa500",
                "classes": ""
              },
              "text": "Orange",
              "unselectedStyle": {
                "classes": ""
              },
              "value": 2
            },
            {
              "selectedStyle": {
                "classes": ""
              },
              "text": "Yellow",
              "unselectedStyle": {
                "classes": ""
              },
              "value": 3
            },
            {
              "selectedStyle": {
                "classes": ""
              },
              "text": "Green",
              "unselectedStyle": {
                "classes": ""
              },
              "value": 4
            },
            {
              "selectedStyle": {
                "classes": ""
              },
              "text": "Cyan",
              "unselectedStyle": {
                "classes": ""
              },
              "value": 5
            },
            {
              "selectedStyle": {
                "classes": ""
              },
              "text": "Blue",
              "unselectedStyle": {
                "classes": ""
              },
              "value": 6
            },
            {
              "selectedStyle": {
                "classes": ""
              },
              "text": "Purple",
              "unselectedStyle": {
                "classes": ""
              },
              "value": 7
            },
            {
              "selectedStyle": {
                "classes": ""
              },
              "text": "White",
              "unselectedStyle": {
                "classes": ""
              },
              "value": 8
            },
            {
              "selectedStyle": {
                "classes": ""
              },
              "text": "Rainbow",
              "unselectedStyle": {
                "classes": ""
              },
              "value": 9
            },
            {
              "selectedStyle": {
                "classes": ""
              },
              "text": "Rainbow2",
              "unselectedStyle": {
                "classes": ""
              },
              "value": 10
            }
          ]
        },
        "type": "ia.input.multi-state-button"
      },
      {
        "meta": {
          "name": "TextField"
        },
        "position": {
          "height": 32,
          "width": 235.99999999999997,
          "x": 104.95499923706055,
          "y": 620.83
        },
        "propConfig": {
          "props.text": {
            "binding": {
              "config": {
                "bidirectional": true,
                "fallbackDelay": 2.5,
                "mode": "indirect",
                "references": {
                  "1": "{../Dropdown.props.value}"
                },
                "tagPath": "[default]MQTT Tags/thing{1}/out/message.value"
              },
              "type": "tag"
            }
          }
        },
        "type": "ia.input.text-field"
      },
      {
        "meta": {
          "name": "Label_7"
        },
        "position": {
          "height": 42.06999999999999,
          "width": 77,
          "x": 19.467499237060547,
          "y": 620.925
        },
        "props": {
          "text": "message:"
        },
        "type": "ia.display.label"
      },
      {
        "meta": {
          "name": "Label_8"
        },
        "position": {
          "height": 32,
          "width": 94,
          "x": 15.79,
          "y": 44.76250457763672
        },
        "props": {
          "text": "Namespace:"
        },
        "type": "ia.display.label"
      },
      {
        "meta": {
          "name": "Label_9"
        },
        "position": {
          "height": 32,
          "width": 180,
          "x": 5.807501525878906,
          "y": 4.577500381469727
        },
        "props": {
          "text": "Smart Home Number:"
        },
        "type": "ia.display.label"
      },
      {
        "meta": {
          "name": "Dropdown"
        },
        "position": {
          "height": 37,
          "width": 90,
          "x": 203.305,
          "y": -0.71916
        },
        "propConfig": {
          "props.options[0].isDisabled": {
            "binding": {
              "config": {
                "fallbackDelay": 2.5,
                "mode": "indirect",
                "references": {
                  "1": "{[default]namespace}"
                },
                "tagPath": "[MQTT Engine]{1}home1/count.value"
              },
              "transforms": [
                {
                  "fallback": "true",
                  "inputType": "range",
                  "mappings": [
                    {
                      "input": {
                        "max": 0,
                        "min": 0
                      },
                      "output": "true"
                    },
                    {
                      "input": {
                        "max": 100000000000000,
                        "min": 0
                      },
                      "output": "false"
                    }
                  ],
                  "outputType": "expression",
                  "type": "map"
                }
              ],
              "type": "tag"
            }
          },
          "props.options[10].isDisabled": {
            "binding": {
              "config": {
                "fallbackDelay": 2.5,
                "mode": "indirect",
                "references": {
                  "1": "{[default]namespace}"
                },
                "tagPath": "[MQTT Engine]{1}thing11/count.value"
              },
              "transforms": [
                {
                  "fallback": "true",
                  "inputType": "range",
                  "mappings": [
                    {
                      "input": {
                        "max": 0,
                        "min": 0
                      },
                      "output": "true"
                    },
                    {
                      "input": {
                        "max": 100000000000000,
                        "min": 0
                      },
                      "output": "false"
                    }
                  ],
                  "outputType": "expression",
                  "type": "map"
                }
              ],
              "type": "tag"
            }
          },
          "props.options[11].isDisabled": {
            "binding": {
              "config": {
                "fallbackDelay": 2.5,
                "mode": "indirect",
                "references": {
                  "1": "{[default]namespace}"
                },
                "tagPath": "[MQTT Engine]{1}thing12/count.value"
              },
              "transforms": [
                {
                  "fallback": "true",
                  "inputType": "range",
                  "mappings": [
                    {
                      "input": {
                        "max": 0,
                        "min": 0
                      },
                      "output": "true"
                    },
                    {
                      "input": {
                        "max": 100000000000000,
                        "min": 0
                      },
                      "output": "false"
                    }
                  ],
                  "outputType": "expression",
                  "type": "map"
                }
              ],
              "type": "tag"
            }
          },
          "props.options[12].isDisabled": {
            "binding": {
              "config": {
                "fallbackDelay": 2.5,
                "mode": "indirect",
                "references": {
                  "1": "{[default]namespace}"
                },
                "tagPath": "[MQTT Engine]{1}thing13/count.value"
              },
              "transforms": [
                {
                  "fallback": "true",
                  "inputType": "range",
                  "mappings": [
                    {
                      "input": {
                        "max": 0,
                        "min": 0
                      },
                      "output": "true"
                    },
                    {
                      "input": {
                        "max": 100000000000000,
                        "min": 0
                      },
                      "output": "false"
                    }
                  ],
                  "outputType": "expression",
                  "type": "map"
                }
              ],
              "type": "tag"
            }
          },
          "props.options[13].isDisabled": {
            "binding": {
              "config": {
                "fallbackDelay": 2.5,
                "mode": "indirect",
                "references": {
                  "1": "{[default]namespace}"
                },
                "tagPath": "[MQTT Engine]{1}thing14/count.value"
              },
              "transforms": [
                {
                  "fallback": "true",
                  "inputType": "range",
                  "mappings": [
                    {
                      "input": {
                        "max": 0,
                        "min": 0
                      },
                      "output": "true"
                    },
                    {
                      "input": {
                        "max": 100000000000000,
                        "min": 0
                      },
                      "output": "false"
                    }
                  ],
                  "outputType": "expression",
                  "type": "map"
                }
              ],
              "type": "tag"
            }
          },
          "props.options[14].isDisabled": {
            "binding": {
              "config": {
                "fallbackDelay": 2.5,
                "mode": "indirect",
                "references": {
                  "1": "{[default]namespace}"
                },
                "tagPath": "[MQTT Engine]{1}thing15/count.value"
              },
              "transforms": [
                {
                  "fallback": "true",
                  "inputType": "range",
                  "mappings": [
                    {
                      "input": {
                        "max": 0,
                        "min": 0
                      },
                      "output": "true"
                    },
                    {
                      "input": {
                        "max": 100000000000000,
                        "min": 0
                      },
                      "output": "false"
                    }
                  ],
                  "outputType": "expression",
                  "type": "map"
                }
              ],
              "type": "tag"
            }
          },
          "props.options[15].isDisabled": {
            "binding": {
              "config": {
                "fallbackDelay": 2.5,
                "mode": "indirect",
                "references": {
                  "1": "{[default]namespace}"
                },
                "tagPath": "[MQTT Engine]{1}thing16/count.value"
              },
              "transforms": [
                {
                  "fallback": "true",
                  "inputType": "range",
                  "mappings": [
                    {
                      "input": {
                        "max": 0,
                        "min": 0
                      },
                      "output": "true"
                    },
                    {
                      "input": {
                        "max": 100000000000000,
                        "min": 0
                      },
                      "output": "false"
                    }
                  ],
                  "outputType": "expression",
                  "type": "map"
                }
              ],
              "type": "tag"
            }
          },
          "props.options[16].isDisabled": {
            "binding": {
              "config": {
                "fallbackDelay": 2.5,
                "mode": "indirect",
                "references": {
                  "1": "{[default]namespace}"
                },
                "tagPath": "[MQTT Engine]{1}thing17/count.value"
              },
              "transforms": [
                {
                  "fallback": "true",
                  "inputType": "range",
                  "mappings": [
                    {
                      "input": {
                        "max": 0,
                        "min": 0
                      },
                      "output": "true"
                    },
                    {
                      "input": {
                        "max": 100000000000000,
                        "min": 0
                      },
                      "output": "false"
                    }
                  ],
                  "outputType": "expression",
                  "type": "map"
                }
              ],
              "type": "tag"
            }
          },
          "props.options[17].isDisabled": {
            "binding": {
              "config": {
                "fallbackDelay": 2.5,
                "mode": "indirect",
                "references": {
                  "1": "{[default]namespace}"
                },
                "tagPath": "[MQTT Engine]{1}thing18/count.value"
              },
              "transforms": [
                {
                  "fallback": "true",
                  "inputType": "range",
                  "mappings": [
                    {
                      "input": {
                        "max": 0,
                        "min": 0
                      },
                      "output": "true"
                    },
                    {
                      "input": {
                        "max": 100000000000000,
                        "min": 0
                      },
                      "output": "false"
                    }
                  ],
                  "outputType": "expression",
                  "type": "map"
                }
              ],
              "type": "tag"
            }
          },
          "props.options[18].isDisabled": {
            "binding": {
              "config": {
                "fallbackDelay": 2.5,
                "mode": "indirect",
                "references": {
                  "1": "{[default]namespace}"
                },
                "tagPath": "[MQTT Engine]{1}thing19/count.value"
              },
              "transforms": [
                {
                  "fallback": "true",
                  "inputType": "range",
                  "mappings": [
                    {
                      "input": {
                        "max": 0,
                        "min": 0
                      },
                      "output": "true"
                    },
                    {
                      "input": {
                        "max": 100000000000000,
                        "min": 0
                      },
                      "output": "false"
                    }
                  ],
                  "outputType": "expression",
                  "type": "map"
                }
              ],
              "type": "tag"
            }
          },
          "props.options[19].isDisabled": {
            "binding": {
              "config": {
                "fallbackDelay": 2.5,
                "mode": "indirect",
                "references": {
                  "1": "{[default]namespace}"
                },
                "tagPath": "[MQTT Engine]{1}thing20/count.value"
              },
              "transforms": [
                {
                  "fallback": "true",
                  "inputType": "range",
                  "mappings": [
                    {
                      "input": {
                        "max": 0,
                        "min": 0
                      },
                      "output": "true"
                    },
                    {
                      "input": {
                        "max": 100000000000000,
                        "min": 0
                      },
                      "output": "false"
                    }
                  ],
                  "outputType": "expression",
                  "type": "map"
                }
              ],
              "type": "tag"
            }
          },
          "props.options[1].isDisabled": {
            "binding": {
              "config": {
                "fallbackDelay": 2.5,
                "mode": "indirect",
                "references": {
                  "1": "{[default]namespace}"
                },
                "tagPath": "[MQTT Engine]{1}thing2/count.value"
              },
              "transforms": [
                {
                  "fallback": "true",
                  "inputType": "range",
                  "mappings": [
                    {
                      "input": {
                        "max": 0,
                        "min": 0
                      },
                      "output": "true"
                    },
                    {
                      "input": {
                        "max": 100000000000000,
                        "min": 0
                      },
                      "output": "false"
                    }
                  ],
                  "outputType": "expression",
                  "type": "map"
                }
              ],
              "type": "tag"
            }
          },
          "props.options[20].isDisabled": {
            "binding": {
              "config": {
                "fallbackDelay": 2.5,
                "mode": "indirect",
                "references": {
                  "1": "{[default]namespace}"
                },
                "tagPath": "[MQTT Engine]{1}thing21/count.value"
              },
              "transforms": [
                {
                  "fallback": "true",
                  "inputType": "range",
                  "mappings": [
                    {
                      "input": {
                        "max": 0,
                        "min": 0
                      },
                      "output": "true"
                    },
                    {
                      "input": {
                        "max": 100000000000000,
                        "min": 0
                      },
                      "output": "false"
                    }
                  ],
                  "outputType": "expression",
                  "type": "map"
                }
              ],
              "type": "tag"
            }
          },
          "props.options[21].isDisabled": {
            "binding": {
              "config": {
                "fallbackDelay": 2.5,
                "mode": "indirect",
                "references": {
                  "1": "{[default]namespace}"
                },
                "tagPath": "[MQTT Engine]{1}thing22/count.value"
              },
              "transforms": [
                {
                  "fallback": "true",
                  "inputType": "range",
                  "mappings": [
                    {
                      "input": {
                        "max": 0,
                        "min": 0
                      },
                      "output": "true"
                    },
                    {
                      "input": {
                        "max": 100000000000000,
                        "min": 0
                      },
                      "output": "false"
                    }
                  ],
                  "outputType": "expression",
                  "type": "map"
                }
              ],
              "type": "tag"
            }
          },
          "props.options[22].isDisabled": {
            "binding": {
              "config": {
                "fallbackDelay": 2.5,
                "mode": "indirect",
                "references": {
                  "1": "{[default]namespace}"
                },
                "tagPath": "[MQTT Engine]{1}thing23/count.value"
              },
              "transforms": [
                {
                  "fallback": "true",
                  "inputType": "range",
                  "mappings": [
                    {
                      "input": {
                        "max": 0,
                        "min": 0
                      },
                      "output": "true"
                    },
                    {
                      "input": {
                        "max": 100000000000000,
                        "min": 0
                      },
                      "output": "false"
                    }
                  ],
                  "outputType": "expression",
                  "type": "map"
                }
              ],
              "type": "tag"
            }
          },
          "props.options[23].isDisabled": {
            "binding": {
              "config": {
                "fallbackDelay": 2.5,
                "mode": "indirect",
                "references": {
                  "1": "{[default]namespace}"
                },
                "tagPath": "[MQTT Engine]{1}thing24/count.value"
              },
              "transforms": [
                {
                  "fallback": "true",
                  "inputType": "range",
                  "mappings": [
                    {
                      "input": {
                        "max": 0,
                        "min": 0
                      },
                      "output": "true"
                    },
                    {
                      "input": {
                        "max": 100000000000000,
                        "min": 0
                      },
                      "output": "false"
                    }
                  ],
                  "outputType": "expression",
                  "type": "map"
                }
              ],
              "type": "tag"
            }
          },
          "props.options[24].isDisabled": {
            "binding": {
              "config": {
                "fallbackDelay": 2.5,
                "mode": "indirect",
                "references": {
                  "1": "{[default]namespace}"
                },
                "tagPath": "[MQTT Engine]{1}thing25/count.value"
              },
              "transforms": [
                {
                  "fallback": "true",
                  "inputType": "range",
                  "mappings": [
                    {
                      "input": {
                        "max": 0,
                        "min": 0
                      },
                      "output": "true"
                    },
                    {
                      "input": {
                        "max": 100000000000000,
                        "min": 0
                      },
                      "output": "false"
                    }
                  ],
                  "outputType": "expression",
                  "type": "map"
                }
              ],
              "type": "tag"
            }
          },
          "props.options[25].isDisabled": {
            "binding": {
              "config": {
                "fallbackDelay": 2.5,
                "mode": "indirect",
                "references": {
                  "1": "{[default]namespace}"
                },
                "tagPath": "[MQTT Engine]{1}thing26/count.value"
              },
              "transforms": [
                {
                  "fallback": "true",
                  "inputType": "range",
                  "mappings": [
                    {
                      "input": {
                        "max": 0,
                        "min": 0
                      },
                      "output": "true"
                    },
                    {
                      "input": {
                        "max": 100000000000000,
                        "min": 0
                      },
                      "output": "false"
                    }
                  ],
                  "outputType": "expression",
                  "type": "map"
                }
              ],
              "type": "tag"
            }
          },
          "props.options[26].isDisabled": {
            "binding": {
              "config": {
                "fallbackDelay": 2.5,
                "mode": "indirect",
                "references": {
                  "1": "{[default]namespace}"
                },
                "tagPath": "[MQTT Engine]{1}thing27/count.value"
              },
              "transforms": [
                {
                  "fallback": "true",
                  "inputType": "range",
                  "mappings": [
                    {
                      "input": {
                        "max": 0,
                        "min": 0
                      },
                      "output": "true"
                    },
                    {
                      "input": {
                        "max": 100000000000000,
                        "min": 0
                      },
                      "output": "false"
                    }
                  ],
                  "outputType": "expression",
                  "type": "map"
                }
              ],
              "type": "tag"
            }
          },
          "props.options[27].isDisabled": {
            "binding": {
              "config": {
                "fallbackDelay": 2.5,
                "mode": "indirect",
                "references": {
                  "1": "{[default]namespace}"
                },
                "tagPath": "[MQTT Engine]{1}thing28/count.value"
              },
              "transforms": [
                {
                  "fallback": "true",
                  "inputType": "range",
                  "mappings": [
                    {
                      "input": {
                        "max": 0,
                        "min": 0
                      },
                      "output": "true"
                    },
                    {
                      "input": {
                        "max": 100000000000000,
                        "min": 0
                      },
                      "output": "false"
                    }
                  ],
                  "outputType": "expression",
                  "type": "map"
                }
              ],
              "type": "tag"
            }
          },
          "props.options[28].isDisabled": {
            "binding": {
              "config": {
                "fallbackDelay": 2.5,
                "mode": "indirect",
                "references": {
                  "1": "{[default]namespace}"
                },
                "tagPath": "[MQTT Engine]{1}thing29/count.value"
              },
              "transforms": [
                {
                  "fallback": "true",
                  "inputType": "range",
                  "mappings": [
                    {
                      "input": {
                        "max": 0,
                        "min": 0
                      },
                      "output": "true"
                    },
                    {
                      "input": {
                        "max": 100000000000000,
                        "min": 0
                      },
                      "output": "false"
                    }
                  ],
                  "outputType": "expression",
                  "type": "map"
                }
              ],
              "type": "tag"
            }
          },
          "props.options[29].isDisabled": {
            "binding": {
              "config": {
                "fallbackDelay": 2.5,
                "mode": "indirect",
                "references": {
                  "1": "{[default]namespace}"
                },
                "tagPath": "[MQTT Engine]{1}thing30/count.value"
              },
              "transforms": [
                {
                  "fallback": "true",
                  "inputType": "range",
                  "mappings": [
                    {
                      "input": {
                        "max": 0,
                        "min": 0
                      },
                      "output": "true"
                    },
                    {
                      "input": {
                        "max": 100000000000000,
                        "min": 0
                      },
                      "output": "false"
                    }
                  ],
                  "outputType": "expression",
                  "type": "map"
                }
              ],
              "type": "tag"
            }
          },
          "props.options[2].isDisabled": {
            "binding": {
              "config": {
                "fallbackDelay": 2.5,
                "mode": "indirect",
                "references": {
                  "1": "{[default]namespace}"
                },
                "tagPath": "[MQTT Engine]{1}thing3/count.value"
              },
              "transforms": [
                {
                  "fallback": "true",
                  "inputType": "range",
                  "mappings": [
                    {
                      "input": {
                        "max": 0,
                        "min": 0
                      },
                      "output": "true"
                    },
                    {
                      "input": {
                        "max": 100000000000000,
                        "min": 0
                      },
                      "output": "false"
                    }
                  ],
                  "outputType": "expression",
                  "type": "map"
                }
              ],
              "type": "tag"
            }
          },
          "props.options[3].isDisabled": {
            "binding": {
              "config": {
                "fallbackDelay": 2.5,
                "mode": "indirect",
                "references": {
                  "1": "{[default]namespace}"
                },
                "tagPath": "[MQTT Engine]{1}thing4/count.value"
              },
              "transforms": [
                {
                  "fallback": "true",
                  "inputType": "range",
                  "mappings": [
                    {
                      "input": {
                        "max": 0,
                        "min": 0
                      },
                      "output": "true"
                    },
                    {
                      "input": {
                        "max": 100000000000000,
                        "min": 0
                      },
                      "output": "false"
                    }
                  ],
                  "outputType": "expression",
                  "type": "map"
                }
              ],
              "type": "tag"
            }
          },
          "props.options[4].isDisabled": {
            "binding": {
              "config": {
                "fallbackDelay": 2.5,
                "mode": "indirect",
                "references": {
                  "1": "{[default]namespace}"
                },
                "tagPath": "[MQTT Engine]{1}thing5/count.value"
              },
              "transforms": [
                {
                  "fallback": "true",
                  "inputType": "range",
                  "mappings": [
                    {
                      "input": {
                        "max": 0,
                        "min": 0
                      },
                      "output": "true"
                    },
                    {
                      "input": {
                        "max": 100000000000000,
                        "min": 0
                      },
                      "output": "false"
                    }
                  ],
                  "outputType": "expression",
                  "type": "map"
                }
              ],
              "type": "tag"
            }
          },
          "props.options[5].isDisabled": {
            "binding": {
              "config": {
                "fallbackDelay": 2.5,
                "mode": "indirect",
                "references": {
                  "1": "{[default]namespace}"
                },
                "tagPath": "[MQTT Engine]{1}thing6/count.value"
              },
              "transforms": [
                {
                  "fallback": "true",
                  "inputType": "range",
                  "mappings": [
                    {
                      "input": {
                        "max": 0,
                        "min": 0
                      },
                      "output": "true"
                    },
                    {
                      "input": {
                        "max": 100000000000000,
                        "min": 0
                      },
                      "output": "false"
                    }
                  ],
                  "outputType": "expression",
                  "type": "map"
                }
              ],
              "type": "tag"
            }
          },
          "props.options[6].isDisabled": {
            "binding": {
              "config": {
                "fallbackDelay": 2.5,
                "mode": "indirect",
                "references": {
                  "1": "{[default]namespace}"
                },
                "tagPath": "[MQTT Engine]{1}thing7/count.value"
              },
              "transforms": [
                {
                  "fallback": "true",
                  "inputType": "range",
                  "mappings": [
                    {
                      "input": {
                        "max": 0,
                        "min": 0
                      },
                      "output": "true"
                    },
                    {
                      "input": {
                        "max": 100000000000000,
                        "min": 0
                      },
                      "output": "false"
                    }
                  ],
                  "outputType": "expression",
                  "type": "map"
                }
              ],
              "type": "tag"
            }
          },
          "props.options[7].isDisabled": {
            "binding": {
              "config": {
                "fallbackDelay": 2.5,
                "mode": "indirect",
                "references": {
                  "1": "{[default]namespace}"
                },
                "tagPath": "[MQTT Engine]{1}thing8/count.value"
              },
              "transforms": [
                {
                  "fallback": "true",
                  "inputType": "range",
                  "mappings": [
                    {
                      "input": {
                        "max": 0,
                        "min": 0
                      },
                      "output": "true"
                    },
                    {
                      "input": {
                        "max": 100000000000000,
                        "min": 0
                      },
                      "output": "false"
                    }
                  ],
                  "outputType": "expression",
                  "type": "map"
                }
              ],
              "type": "tag"
            }
          },
          "props.options[8].isDisabled": {
            "binding": {
              "config": {
                "fallbackDelay": 2.5,
                "mode": "indirect",
                "references": {
                  "1": "{[default]namespace}"
                },
                "tagPath": "[MQTT Engine]{1}thing9/count.value"
              },
              "transforms": [
                {
                  "fallback": "true",
                  "inputType": "range",
                  "mappings": [
                    {
                      "input": {
                        "max": 0,
                        "min": 0
                      },
                      "output": "true"
                    },
                    {
                      "input": {
                        "max": 100000000000000,
                        "min": 0
                      },
                      "output": "false"
                    }
                  ],
                  "outputType": "expression",
                  "type": "map"
                }
              ],
              "type": "tag"
            }
          },
          "props.options[9].isDisabled": {
            "binding": {
              "config": {
                "fallbackDelay": 2.5,
                "mode": "indirect",
                "references": {
                  "1": "{[default]namespace}"
                },
                "tagPath": "[MQTT Engine]{1}thing10/count.value"
              },
              "transforms": [
                {
                  "fallback": "true",
                  "inputType": "range",
                  "mappings": [
                    {
                      "input": {
                        "max": 0,
                        "min": 0
                      },
                      "output": "true"
                    },
                    {
                      "input": {
                        "max": 100000000000000,
                        "min": 0
                      },
                      "output": "false"
                    }
                  ],
                  "outputType": "expression",
                  "type": "map"
                }
              ],
              "type": "tag"
            }
          }
        },
        "props": {
          "options": [
            {
              "label": 1,
              "value": 1
            },
            {
              "label": 2,
              "value": 2
            },
            {
              "label": 3,
              "value": 3
            },
            {
              "label": 4,
              "value": 4
            },
            {
              "label": 5,
              "value": 5
            },
            {
              "label": 6,
              "value": 6
            },
            {
              "label": 7,
              "value": 7
            },
            {
              "label": 8,
              "value": 8
            },
            {
              "label": 9,
              "value": 9
            },
            {
              "label": 10,
              "value": 10
            },
            {
              "label": 11,
              "value": 11
            },
            {
              "label": 12,
              "value": 12
            },
            {
              "label": 13,
              "value": 13
            },
            {
              "label": 14,
              "value": 14
            },
            {
              "label": 15,
              "value": 15
            },
            {
              "label": 16,
              "value": 16
            },
            {
              "label": 17,
              "value": 17
            },
            {
              "label": 18,
              "value": 18
            },
            {
              "label": 19,
              "value": 19
            },
            {
              "label": 20,
              "value": 20
            },
            {
              "label": 21,
              "value": 21
            },
            {
              "label": 22,
              "value": 22
            },
            {
              "label": 23,
              "value": 23
            },
            {
              "label": 24,
              "value": 24
            },
            {
              "label": 25,
              "value": 25
            },
            {
              "label": 26,
              "value": 26
            },
            {
              "label": 27,
              "value": 27
            },
            {
              "label": 28,
              "value": 28
            },
            {
              "label": 29,
              "value": 29
            },
            {
              "label": 30,
              "value": 30
            }
          ],
          "placeholder": {
            "text": "Select Thing Number"
          },
          "value": 1
        },
        "type": "ia.input.dropdown"
      },
      {
        "meta": {
          "name": "TextField_0"
        },
        "position": {
          "height": 32,
          "width": 218,
          "x": 117,
          "y": 47
        },
        "propConfig": {
          "props.text": {
            "binding": {
              "config": {
                "bidirectional": true,
                "fallbackDelay": 2.5,
                "mode": "direct",
                "tagPath": "[default]HomeNamespace"
              },
              "type": "tag"
            }
          }
        },
        "type": "ia.input.text-field"
      },
      {
        "meta": {
          "name": "ToggleSwitch_2"
        },
        "position": {
          "height": 33.589999999999975,
          "width": 138,
          "x": 158.99,
          "y": 325.85
        },
        "propConfig": {
          "props.label.style.backgroundColor": {
            "binding": {
              "config": {
                "fallbackDelay": 2.5,
                "mode": "indirect",
                "references": {
                  "1": "{[default]homeNamespace.value}",
                  "2": "{../Dropdown.props.value}"
                },
                "tagPath": "[MQTT Engine]{1}home{2}/control1.value"
              },
              "transforms": [
                {
                  "fallback": "#FFFFFF",
                  "inputType": "scalar",
                  "mappings": [
                    {
                      "input": "True",
                      "output": "#00D900"
                    },
                    {
                      "input": "False",
                      "output": "#D5D5D5"
                    }
                  ],
                  "outputType": "color",
                  "type": "map"
                }
              ],
              "type": "tag"
            }
          },
          "props.selected": {
            "binding": {
              "config": {
                "bidirectional": true,
                "fallbackDelay": 2.5,
                "mode": "indirect",
                "references": {
                  "1": "{../Dropdown.props.value}"
                },
                "tagPath": "[default]MQTT Tags/home{1}/control1"
              },
              "type": "tag"
            }
          }
        },
        "props": {
          "label": {
            "text": "control1"
          }
        },
        "type": "ia.input.toggle-switch"
      },
      {
        "meta": {
          "name": "ToggleSwitch_3"
        },
        "position": {
          "height": 33.599999999999966,
          "width": 130.99999999999997,
          "x": 158.96,
          "y": 373.85
        },
        "propConfig": {
          "props.label.style.backgroundColor": {
            "binding": {
              "config": {
                "fallbackDelay": 2.5,
                "mode": "indirect",
                "references": {
                  "1": "{[default]homeNamespace.value}",
                  "2": "{../Dropdown.props.value}"
                },
                "tagPath": "[MQTT Engine]{1}home{2}/control2.value"
              },
              "transforms": [
                {
                  "fallback": "#FFFFFF",
                  "inputType": "scalar",
                  "mappings": [
                    {
                      "input": "True",
                      "output": "#00D900"
                    },
                    {
                      "input": "False",
                      "output": "#D5D5D5"
                    }
                  ],
                  "outputType": "color",
                  "type": "map"
                }
              ],
              "type": "tag"
            }
          },
          "props.selected": {
            "binding": {
              "config": {
                "bidirectional": true,
                "fallbackDelay": 2.5,
                "mode": "indirect",
                "references": {
                  "1": "{../Dropdown.props.value}"
                },
                "tagPath": "[default]MQTT Tags/home{1}/control2"
              },
              "type": "tag"
            }
          }
        },
        "props": {
          "label": {
            "text": "control2"
          }
        },
        "type": "ia.input.toggle-switch"
      },
      {
        "meta": {
          "name": "ToggleSwitch_4"
        },
        "position": {
          "height": 33.59000000000003,
          "width": 134.99999999999997,
          "x": 158.96,
          "y": 421.89
        },
        "propConfig": {
          "props.label.style.backgroundColor": {
            "binding": {
              "config": {
                "fallbackDelay": 2.5,
                "mode": "indirect",
                "references": {
                  "1": "{[default]homeNamespace.value}",
                  "2": "{../Dropdown.props.value}"
                },
                "tagPath": "[MQTT Engine]{1}home{2}/control3.value"
              },
              "transforms": [
                {
                  "fallback": "#FFFFFF",
                  "inputType": "scalar",
                  "mappings": [
                    {
                      "input": "True",
                      "output": "#00D900"
                    },
                    {
                      "input": "False",
                      "output": "#D5D5D5"
                    }
                  ],
                  "outputType": "color",
                  "type": "map"
                }
              ],
              "type": "tag"
            }
          },
          "props.selected": {
            "binding": {
              "config": {
                "bidirectional": true,
                "fallbackDelay": 2.5,
                "mode": "indirect",
                "references": {
                  "1": "{../Dropdown.props.value}"
                },
                "tagPath": "[default]MQTT Tags/home{1}/control3"
              },
              "type": "tag"
            }
          }
        },
        "props": {
          "label": {
            "text": "control3"
          }
        },
        "type": "ia.input.toggle-switch"
      },
      {
        "meta": {
          "name": "ToggleSwitch_5"
        },
        "position": {
          "height": 33.589999999999975,
          "width": 133.99999999999997,
          "x": 158.96,
          "y": 469.93
        },
        "propConfig": {
          "props.label.style.backgroundColor": {
            "binding": {
              "config": {
                "fallbackDelay": 2.5,
                "mode": "indirect",
                "references": {
                  "1": "{[default]homeNamespace.value}",
                  "2": "{../Dropdown.props.value}"
                },
                "tagPath": "[MQTT Engine]{1}home{2}/control4.value"
              },
              "transforms": [
                {
                  "fallback": "#FFFFFF",
                  "inputType": "scalar",
                  "mappings": [
                    {
                      "input": "True",
                      "output": "#00D900"
                    },
                    {
                      "input": "False",
                      "output": "#D5D5D5"
                    }
                  ],
                  "outputType": "color",
                  "type": "map"
                }
              ],
              "type": "tag"
            }
          },
          "props.selected": {
            "binding": {
              "config": {
                "bidirectional": true,
                "fallbackDelay": 2.5,
                "mode": "indirect",
                "references": {
                  "1": "{../Dropdown.props.value}"
                },
                "tagPath": "[default]MQTT Tags/home{1}/control4"
              },
              "type": "tag"
            }
          }
        },
        "props": {
          "label": {
            "text": "control4"
          }
        },
        "type": "ia.input.toggle-switch"
      },
      {
        "meta": {
          "name": "LedDisplay"
        },
        "position": {
          "height": 38,
          "rotate": {
            "anchor": "50% 75%"
          },
          "width": 174,
          "x": -5.35,
          "y": 107.08
        },
        "propConfig": {
          "props.value": {
            "binding": {
              "config": {
                "fallbackDelay": 2.5,
                "mode": "indirect",
                "references": {
                  "1": "{../TextField_0.props.text}",
                  "2": "{../Dropdown.props.value}"
                },
                "tagPath": "[MQTT Engine]{1}home{2}/count"
              },
              "type": "tag"
            }
          }
        },
        "props": {
          "numberFormat": "#,##0"
        },
        "type": "ia.display.led-display"
      },
      {
        "meta": {
          "name": "Label_11"
        },
        "position": {
          "height": 30.230000000000018,
          "width": 86.47999999999996,
          "x": 294.16,
          "y": 327.51
        },
        "props": {
          "text": "Yellow LED"
        },
        "type": "ia.display.label"
      },
      {
        "meta": {
          "name": "Label_12"
        },
        "position": {
          "height": 30.230000000000018,
          "width": 86.48000000000002,
          "x": 297.18,
          "y": 372.87
        },
        "props": {
          "text": "Door"
        },
        "type": "ia.display.label"
      },
      {
        "meta": {
          "name": "Label_15"
        },
        "position": {
          "height": 30.230000000000018,
          "width": 86.48000000000002,
          "x": 296,
          "y": 426.07
        },
        "props": {
          "text": "Window"
        },
        "type": "ia.display.label"
      },
      {
        "meta": {
          "name": "LedDisplay_0"
        },
        "position": {
          "height": 39,
          "rotate": {
            "anchor": "50% 61%"
          },
          "width": 81.99999999999997,
          "x": 175.08,
          "y": 107.13
        },
        "propConfig": {
          "props.value": {
            "binding": {
              "config": {
                "fallbackDelay": 2.5,
                "mode": "indirect",
                "references": {
                  "1": "{../TextField_0.props.text}",
                  "2": "{../Dropdown.props.value}"
                },
                "tagPath": "[MQTT Engine]{1}home{2}/humitity"
              },
              "type": "tag"
            }
          }
        },
        "props": {
          "numberFormat": "#,##0"
        },
        "type": "ia.display.led-display"
      },
      {
        "meta": {
          "name": "Label_16"
        },
        "position": {
          "height": 42.06999999999999,
          "rotate": {
            "anchor": "25% 25%"
          },
          "width": 71,
          "x": 164.4900061035156,
          "y": 77.19
        },
        "props": {
          "text": "Humitity"
        },
        "type": "ia.display.label"
      },
      {
        "meta": {
          "name": "LedDisplay_1"
        },
        "position": {
          "height": 38,
          "width": 97,
          "x": 263.765,
          "y": 107.65049694824219
        },
        "propConfig": {
          "props.value": {
            "binding": {
              "config": {
                "fallbackDelay": 2.5,
                "mode": "indirect",
                "references": {
                  "1": "{../TextField_0.props.text}",
                  "2": "{../Dropdown.props.value}"
                },
                "tagPath": "[MQTT Engine]{1}home{2}/temperature"
              },
              "type": "tag"
            }
          }
        },
        "props": {
          "numberFormat": "#,##0"
        },
        "type": "ia.display.led-display"
      },
      {
        "meta": {
          "name": "Label_18"
        },
        "position": {
          "height": 42.06999999999999,
          "rotate": {
            "anchor": "25% 25%"
          },
          "width": 101,
          "x": 260.003,
          "y": 75.8925
        },
        "props": {
          "text": "Temperature"
        },
        "type": "ia.display.label"
      },
      {
        "meta": {
          "name": "Label_10"
        },
        "position": {
          "height": 32,
          "width": 103,
          "x": 157,
          "y": 161.325
        },
        "propConfig": {
          "props.style.backgroundColor": {
            "binding": {
              "config": {
                "fallbackDelay": 2.5,
                "mode": "indirect",
                "references": {
                  "1": "{[default]homeNamespace.value}",
                  "2": "{../Dropdown.props.value}"
                },
                "tagPath": "[MQTT Engine]{1}home{2}/pushbutton1.value"
              },
              "transforms": [
                {
                  "fallback": "#FFFFFF",
                  "inputType": "scalar",
                  "mappings": [
                    {
                      "input": "1",
                      "output": "#D5D5D5"
                    },
                    {
                      "input": "0",
                      "output": "#00D900"
                    }
                  ],
                  "outputType": "color",
                  "type": "map"
                }
              ],
              "type": "tag"
            }
          }
        },
        "props": {
          "text": "PushButton1"
        },
        "type": "ia.display.label"
      },
      {
        "meta": {
          "name": "Label_17"
        },
        "position": {
          "height": 32,
          "width": 103,
          "x": 157,
          "y": 202.75
        },
        "propConfig": {
          "props.style.backgroundColor": {
            "binding": {
              "config": {
                "fallbackDelay": 2.5,
                "mode": "indirect",
                "references": {
                  "1": "{[default]homeNamespace.value}",
                  "2": "{../Dropdown.props.value}"
                },
                "tagPath": "[MQTT Engine]{1}home{2}/pushbutton2.value"
              },
              "transforms": [
                {
                  "fallback": "#FFFFFF",
                  "inputType": "scalar",
                  "mappings": [
                    {
                      "input": "1",
                      "output": "#D5D5D5"
                    },
                    {
                      "input": "0",
                      "output": "#00D900"
                    }
                  ],
                  "outputType": "color",
                  "type": "map"
                }
              ],
              "type": "tag"
            }
          }
        },
        "props": {
          "text": "PushButton2"
        },
        "type": "ia.display.label"
      },
      {
        "meta": {
          "name": "Label_19"
        },
        "position": {
          "height": 32,
          "width": 103,
          "x": 157,
          "y": 243.325
        },
        "propConfig": {
          "props.style.backgroundColor": {
            "binding": {
              "config": {
                "fallbackDelay": 2.5,
                "mode": "indirect",
                "references": {
                  "1": "{[default]homeNamespace.value}",
                  "2": "{../Dropdown.props.value}"
                },
                "tagPath": "[MQTT Engine]{1}home{2}/motion.value"
              },
              "transforms": [
                {
                  "fallback": "#FFFFFF",
                  "inputType": "scalar",
                  "mappings": [
                    {
                      "input": "0",
                      "output": "#D5D5D5"
                    },
                    {
                      "input": "1",
                      "output": "#00D900"
                    }
                  ],
                  "outputType": "color",
                  "type": "map"
                }
              ],
              "type": "tag"
            }
          },
          "props.text": {
            "binding": {
              "config": {
                "fallbackDelay": 2.5,
                "mode": "indirect",
                "references": {
                  "1": "{[default]homeNamespace.value}",
                  "2": "{../Dropdown.props.value}"
                },
                "tagPath": "[MQTT Engine]{1}home{2}/motion.value"
              },
              "transforms": [
                {
                  "fallback": "No Motion",
                  "inputType": "scalar",
                  "mappings": [
                    {
                      "input": "0",
                      "output": "No Motion"
                    },
                    {
                      "input": "1",
                      "output": "Motion"
                    }
                  ],
                  "outputType": "scalar",
                  "type": "map"
                }
              ],
              "type": "tag"
            }
          }
        },
        "props": {
          "textStyle": {
            "textAlignLast": "center"
          }
        },
        "type": "ia.display.label"
      },
      {
        "meta": {
          "name": "Label_20"
        },
        "position": {
          "height": 32,
          "width": 103,
          "x": 157,
          "y": 284.325
        },
        "propConfig": {
          "props.style.backgroundColor": {
            "binding": {
              "config": {
                "fallbackDelay": 2.5,
                "mode": "indirect",
                "references": {
                  "1": "{[default]homeNamespace.value}",
                  "2": "{../Dropdown.props.value}"
                },
                "tagPath": "[MQTT Engine]{1}home{2}/gas.value"
              },
              "transforms": [
                {
                  "fallback": "#FFFFFF",
                  "inputType": "scalar",
                  "mappings": [
                    {
                      "input": "1",
                      "output": "#D5D5D5"
                    },
                    {
                      "input": "0",
                      "output": "#00D900"
                    }
                  ],
                  "outputType": "color",
                  "type": "map"
                }
              ],
              "type": "tag"
            }
          },
          "props.text": {
            "binding": {
              "config": {
                "fallbackDelay": 2.5,
                "mode": "indirect",
                "references": {
                  "1": "{[default]homeNamespace.value}",
                  "2": "{../Dropdown.props.value}"
                },
                "tagPath": "[MQTT Engine]{1}home{2}/gas.value"
              },
              "transforms": [
                {
                  "fallback": "No Gas",
                  "inputType": "scalar",
                  "mappings": [
                    {
                      "input": "1",
                      "output": "No Gas"
                    },
                    {
                      "input": "0",
                      "output": "Gas"
                    }
                  ],
                  "outputType": "scalar",
                  "type": "map"
                }
              ],
              "type": "tag"
            }
          }
        },
        "props": {
          "textStyle": {
            "textAlignLast": "center"
          }
        },
        "type": "ia.display.label"
      },
      {
        "meta": {
          "name": "Thermometer"
        },
        "position": {
          "height": 154.99999999999997,
          "width": 102,
          "x": 271.29,
          "y": 159.59
        },
        "propConfig": {
          "props.value": {
            "binding": {
              "config": {
                "fallbackDelay": 2.5,
                "mode": "indirect",
                "references": {
                  "1": "{../TextField_0.props.text}",
                  "2": "{../Dropdown.props.value}"
                },
                "tagPath": "[MQTT Engine]{1}home{2}/temperature"
              },
              "type": "tag"
            }
          }
        },
        "props": {
          "intervals": [
            {
              "color": "#47A9E5",
              "high": 25,
              "low": 0
            },
            {
              "color": "#B394EF",
              "high": 75,
              "low": 25
            },
            {
              "color": "#DB3939",
              "high": 100,
              "low": 75
            }
          ]
        },
        "type": "ia.display.thermometer"
      },
      {
        "meta": {
          "name": "Label_21"
        },
        "position": {
          "height": 30.239999999999952,
          "width": 80,
          "x": 296.90049389648436,
          "y": 473.16
        },
        "props": {
          "text": null
        },
        "type": "ia.display.label"
      }
    ],
    "meta": {
      "contextMenu": {
        "enabled": true
      },
      "name": "root"
    },
    "position": {
      "x": -95.19790649414062,
      "y": -0.71875
    },
    "type": "ia.container.coord"
  }
}