{
  "custom": {},
  "params": {},
  "props": {
    "defaultSize": {
      "height": 472,
      "width": 315
    }
  },
  "root": {
    "children": [
      {
        "events": {
          "dom": {
            "onClick": {
              "config": {
                "config": {
                  "backgroundColor": "AUTO",
                  "cameraPreference": "BACK",
                  "type": "ANY",
                  "uuid": "ec8361af-2ed7-490d-9096-d4239eac4052"
                },
                "context": {
                  "key": "value"
                }
              },
              "scope": "C",
              "type": "native/barcode"
            }
          }
        },
        "meta": {
          "name": "Button"
        },
        "position": {
          "height": 0.1292,
          "width": 0.4254,
          "x": 0.0476,
          "y": 0.0233
        },
        "props": {
          "text": "Scan Barcode"
        },
        "type": "ia.input.button"
      },
      {
        "meta": {
          "name": "Label"
        },
        "position": {
          "height": 0.0678,
          "width": 0.4921,
          "x": 0.0476,
          "y": 0.1674
        },
        "propConfig": {
          "props.text": {
            "binding": {
              "config": {
                "fallbackDelay": 2.5,
                "mode": "direct",
                "tagPath": "[default]barcode"
              },
              "type": "tag"
            }
          }
        },
        "type": "ia.display.label"
      },
      {
        "meta": {
          "name": "Barcode"
        },
        "position": {
          "height": 0.286,
          "width": 0.6349,
          "y": 0.2352
        },
        "propConfig": {
          "props.value": {
            "binding": {
              "config": {
                "fallbackDelay": 2.5,
                "mode": "direct",
                "tagPath": "[default]barcode"
              },
              "type": "tag"
            }
          }
        },
        "type": "ia.display.barcode"
      },
      {
        "meta": {
          "name": "Barcode_0"
        },
        "position": {
          "height": 0.3708,
          "rotate": {
            "anchor": "25% 50%"
          },
          "width": 0.6349,
          "y": 0.5212
        },
        "propConfig": {
          "props.value": {
            "binding": {
              "config": {
                "fallbackDelay": 2.5,
                "mode": "direct",
                "publishInitial": false,
                "tagPath": "[default]barcode"
              },
              "type": "tag"
            }
          }
        },
        "props": {
          "type": "qrcode"
        },
        "type": "ia.display.barcode"
      },
      {
        "meta": {
          "name": "Link"
        },
        "position": {
          "height": 0.0508,
          "width": 0.9143,
          "x": 0.0159,
          "y": 0.9195
        },
        "props": {
          "style": {
            "fontSize": 10
          },
          "target": "self",
          "text": "https://inductiveuniversity.com/videos/barcode-scanned/8.1",
          "url": "https://inductiveuniversity.com/videos/barcode-scanned/8.1"
        },
        "type": "ia.navigation.link"
      }
    ],
    "meta": {
      "name": "root"
    },
    "props": {
      "mode": "percent"
    },
    "type": "ia.container.coord"
  }
}