{
  "custom": {},
  "params": {},
  "props": {
    "defaultSize": {
      "height": 976,
      "width": 895
    }
  },
  "root": {
    "children": [
      {
        "meta": {
          "name": "IFrame"
        },
        "position": {
          "height": 344,
          "width": 438,
          "x": 45.5,
          "y": 31.5
        },
        "props": {
          "allowFullScreen": true,
          "src": "http://192.168.10.2:5000/video_feed"
        },
        "type": "ia.display.iframe"
      },
      {
        "meta": {
          "name": "LedDisplay"
        },
        "position": {
          "height": 32,
          "width": 128,
          "x": 559,
          "y": 488
        },
        "propConfig": {
          "props.value": {
            "binding": {
              "config": {
                "fallbackDelay": 2.5,
                "mode": "direct",
                "tagPath": "[MQTT Engine]IOT/ObjectDetection/count"
              },
              "type": "tag"
            }
          }
        },
        "props": {
          "numberFormat": "#,##0"
        },
        "type": "ia.display.led-display"
      },
      {
        "meta": {
          "name": "Label"
        },
        "position": {
          "height": 32,
          "width": 50,
          "x": 501,
          "y": 487
        },
        "props": {
          "text": "Count"
        },
        "type": "ia.display.label"
      },
      {
        "meta": {
          "name": "Table_0"
        },
        "position": {
          "height": 198,
          "width": 711,
          "x": 11.5,
          "y": 535
        },
        "propConfig": {
          "props.data": {
            "binding": {
              "config": {
                "fallbackDelay": 2.5,
                "mode": "direct",
                "tagPath": "[MQTT Engine]IOT/ObjectDetection/raw"
              },
              "transforms": [
                {
                  "code": "\tdict \u003d parseJson.func(value)\n\treturn list(dict.values());",
                  "type": "script"
                }
              ],
              "type": "tag"
            }
          }
        },
        "type": "ia.display.table"
      }
    ],
    "meta": {
      "name": "root"
    },
    "position": {
      "x": 0,
      "y": 79
    },
    "type": "ia.container.coord"
  }
}