{
  "custom": {},
  "params": {},
  "props": {
    "defaultSize": {
      "height": 636,
      "width": 857
    }
  },
  "root": {
    "children": [
      {
        "meta": {
          "name": "Slider_0"
        },
        "position": {
          "height": 58,
          "width": 168.00000000000003,
          "x": 164.85,
          "y": 513.54
        },
        "propConfig": {
          "props.value": {
            "binding": {
              "config": {
                "bidirectional": true,
                "fallbackDelay": 2.5,
                "mode": "indirect",
                "references": {
                  "1": "{../Dropdown.props.value}"
                },
                "tagPath": "[default]MQTT Tags/thing{1}/out/stepperSpeed.value"
              },
              "type": "tag"
            }
          }
        },
        "props": {
          "labels": {
            "show": true
          },
          "step": 10
        },
        "type": "ia.input.slider"
      },
      {
        "meta": {
          "name": "TextField"
        },
        "position": {
          "height": 32,
          "width": 235.99999999999997,
          "x": 105.03,
          "y": 582.8299877929687
        },
        "propConfig": {
          "props.text": {
            "binding": {
              "config": {
                "bidirectional": true,
                "fallbackDelay": 2.5,
                "mode": "indirect",
                "references": {
                  "1": "{../Dropdown.props.value}"
                },
                "tagPath": "[default]MQTT Tags/thing{1}/out/message.value"
              },
              "type": "tag"
            }
          }
        },
        "type": "ia.input.text-field"
      },
      {
        "meta": {
          "name": "Motor"
        },
        "position": {
          "height": 178,
          "width": 174,
          "x": 168.81,
          "y": 329.27
        },
        "propConfig": {
          "props.state": {
            "binding": {
              "config": {
                "fallbackDelay": 2.5,
                "mode": "indirect",
                "publishInitial": true,
                "references": {
                  "1": "{../TextField_0.props.text}",
                  "2": "{../Dropdown.props.value}"
                },
                "tagPath": "[MQTT Engine]{1}thing{2}/out/stepperRun.value"
              },
              "transforms": [
                {
                  "fallback": "?",
                  "inputType": "range",
                  "mappings": [
                    {
                      "input": {
                        "max": 0.5,
                        "min": -0.5
                      },
                      "output": "stopped"
                    },
                    {
                      "input": {
                        "max": 1,
                        "min": 1
                      },
                      "output": "running"
                    },
                    {
                      "input": {
                        "max": -1,
                        "min": -1
                      },
                      "output": "running"
                    }
                  ],
                  "outputType": "scalar",
                  "type": "map"
                }
              ],
              "type": "tag"
            }
          },
          "props.value.text": {
            "binding": {
              "config": {
                "fallbackDelay": 2.5,
                "mode": "indirect",
                "references": {
                  "1": "{../TextField_0.props.text}",
                  "2": "{../Dropdown.props.value}"
                },
                "tagPath": "[MQTT Engine]{1}thing{2}/out/stepperSpeed.value"
              },
              "type": "tag"
            }
          }
        },
        "props": {
          "label": {
            "style": {
              "fontSize": 25
            }
          },
          "value": {
            "style": {
              "fontSize": 25
            }
          }
        },
        "type": "ia.symbol.motor"
      },
      {
        "meta": {
          "name": "Label_4"
        },
        "position": {
          "height": 42.06999999999999,
          "rotate": {
            "anchor": "50% 113%"
          },
          "width": 58,
          "x": 190.472,
          "y": 260.371
        },
        "propConfig": {
          "props.text": {
            "binding": {
              "config": {
                "fallbackDelay": 2.5,
                "mode": "indirect",
                "references": {
                  "1": "{../TextField_0.props.text}",
                  "2": "{../Dropdown.props.value}"
                },
                "tagPath": "[MQTT Engine]{1}thing{2}/in/sensor2"
              },
              "type": "tag"
            }
          }
        },
        "type": "ia.display.label"
      },
      {
        "meta": {
          "name": "ToggleSwitch_5"
        },
        "position": {
          "height": 36,
          "width": 104,
          "x": 261.3,
          "y": 248.1
        },
        "propConfig": {
          "props.label.style.backgroundColor": {
            "binding": {
              "config": {
                "fallbackDelay": 2.5,
                "mode": "indirect",
                "references": {
                  "1": "{[default]namespace.value}",
                  "2": "{../Dropdown.props.value}"
                },
                "tagPath": "[MQTT Engine]{1}thing{2}/out/out4.value"
              },
              "transforms": [
                {
                  "fallback": "#FFFFFF",
                  "inputType": "scalar",
                  "mappings": [
                    {
                      "input": "True",
                      "output": "#00D900"
                    },
                    {
                      "input": "False",
                      "output": "#D5D5D5"
                    }
                  ],
                  "outputType": "color",
                  "type": "map"
                }
              ],
              "type": "tag"
            }
          },
          "props.selected": {
            "binding": {
              "config": {
                "bidirectional": true,
                "fallbackDelay": 2.5,
                "mode": "indirect",
                "references": {
                  "1": "{../Dropdown.props.value}"
                },
                "tagPath": "[default]MQTT Tags/thing{1}/out/out4"
              },
              "type": "tag"
            }
          }
        },
        "props": {
          "label": {
            "text": "Out4"
          }
        },
        "type": "ia.input.toggle-switch"
      },
      {
        "meta": {
          "name": "CylindricalTank"
        },
        "position": {
          "height": 95,
          "width": 76,
          "x": 175.01,
          "y": 171.37
        },
        "propConfig": {
          "props.value": {
            "binding": {
              "config": {
                "fallbackDelay": 2.5,
                "mode": "indirect",
                "references": {
                  "1": "{../Dropdown.props.value}",
                  "2": "{../TextField_0.props.text}"
                },
                "tagPath": "[MQTT Engine]{2}thing{1}/in/sensor2"
              },
              "type": "tag"
            }
          }
        },
        "props": {
          "capacity": 200
        },
        "type": "ia.display.cylindrical-tank"
      },
      {
        "meta": {
          "name": "ToggleSwitch_4"
        },
        "position": {
          "height": 36,
          "width": 104,
          "x": 261.3,
          "y": 197.1
        },
        "propConfig": {
          "props.label.style.backgroundColor": {
            "binding": {
              "config": {
                "fallbackDelay": 2.5,
                "mode": "indirect",
                "references": {
                  "1": "{[default]namespace.value}",
                  "2": "{../Dropdown.props.value}"
                },
                "tagPath": "[MQTT Engine]{1}thing{2}/out/out3.value"
              },
              "transforms": [
                {
                  "fallback": "#FFFFFF",
                  "inputType": "scalar",
                  "mappings": [
                    {
                      "input": "True",
                      "output": "#00D900"
                    },
                    {
                      "input": "False",
                      "output": "#D5D5D5"
                    }
                  ],
                  "outputType": "color",
                  "type": "map"
                }
              ],
              "type": "tag"
            }
          },
          "props.selected": {
            "binding": {
              "config": {
                "bidirectional": true,
                "fallbackDelay": 2.5,
                "mode": "indirect",
                "references": {
                  "1": "{../Dropdown.props.value}"
                },
                "tagPath": "[default]MQTT Tags/thing{1}/out/out3"
              },
              "type": "tag"
            }
          }
        },
        "props": {
          "label": {
            "text": "Out3"
          }
        },
        "type": "ia.input.toggle-switch"
      },
      {
        "meta": {
          "name": "MovingAnalogIndicator",
          "tooltip": {
            "tail": false
          }
        },
        "position": {
          "height": 93.99999999999997,
          "rotate": {
            "anchor": "100% 50%"
          },
          "width": 78,
          "x": 81.06,
          "y": 167.15043701171874
        },
        "propConfig": {
          "props.processValue": {
            "binding": {
              "config": {
                "fallbackDelay": 2.5,
                "mode": "indirect",
                "references": {
                  "1": "{../Dropdown.props.value}",
                  "2": "{../TextField_0.props.text}"
                },
                "tagPath": "[MQTT Engine]{2}thing{1}/in/sensor1"
              },
              "transforms": [
                {
                  "expression": "{value}",
                  "type": "expression"
                }
              ],
              "type": "tag"
            }
          }
        },
        "props": {
          "label": {
            "visible": true
          },
          "maxValue": 4095,
          "style": {
            "fontSize": null
          }
        },
        "type": "ia.display.moving-analog-indicator"
      },
      {
        "meta": {
          "name": "MultiStateButton"
        },
        "position": {
          "height": 244,
          "rotate": {
            "anchor": "145% 50%"
          },
          "width": 130,
          "x": 23.427490844726563,
          "y": 327.27496337890625
        },
        "propConfig": {
          "props.controlValue": {
            "binding": {
              "config": {
                "bidirectional": true,
                "fallbackDelay": 2.5,
                "mode": "indirect",
                "references": {
                  "1": "{../Dropdown.props.value}"
                },
                "tagPath": "[default]MQTT Tags/thing{1}/out/StepperRun.value"
              },
              "type": "tag"
            }
          },
          "props.indicatorValue": {
            "binding": {
              "config": {
                "bidirectional": true,
                "fallbackDelay": 2.5,
                "mode": "indirect",
                "references": {
                  "1": "{../Dropdown.props.value}"
                },
                "tagPath": "[MQTT Engine]line1/thing{1}/out/stepperRun"
              },
              "type": "tag"
            }
          }
        },
        "props": {
          "defaultSelectedStyle": {
            "fontSize": 25
          },
          "defaultUnselectedStyle": {
            "fontSize": 25
          },
          "states": [
            {
              "selectedStyle": {
                "backgroundColor": "#00D900",
                "classes": ""
              },
              "text": "Forward",
              "unselectedStyle": {
                "classes": ""
              },
              "value": 1
            },
            {
              "selectedStyle": {
                "backgroundColor": "#F84553",
                "classes": ""
              },
              "text": "Stop",
              "unselectedStyle": {
                "classes": ""
              },
              "value": 0
            },
            {
              "selectedStyle": {
                "backgroundColor": "#ffa500",
                "classes": ""
              },
              "text": "Reverse",
              "unselectedStyle": {
                "classes": ""
              },
              "value": -1
            }
          ]
        },
        "type": "ia.input.multi-state-button"
      },
      {
        "meta": {
          "name": "ToggleSwitch_3"
        },
        "position": {
          "height": 36,
          "width": 104,
          "x": 261.3,
          "y": 146.1
        },
        "propConfig": {
          "props.label.style.backgroundColor": {
            "binding": {
              "config": {
                "fallbackDelay": 2.5,
                "mode": "indirect",
                "references": {
                  "1": "{[default]namespace.value}",
                  "2": "{../Dropdown.props.value}"
                },
                "tagPath": "[MQTT Engine]{1}thing{2}/out/out2.value"
              },
              "transforms": [
                {
                  "fallback": "#FFFFFF",
                  "inputType": "scalar",
                  "mappings": [
                    {
                      "input": "True",
                      "output": "#00D900"
                    },
                    {
                      "input": "False",
                      "output": "#D5D5D5"
                    }
                  ],
                  "outputType": "color",
                  "type": "map"
                }
              ],
              "type": "tag"
            }
          },
          "props.selected": {
            "binding": {
              "config": {
                "bidirectional": true,
                "fallbackDelay": 2.5,
                "mode": "indirect",
                "references": {
                  "1": "{../Dropdown.props.value}"
                },
                "tagPath": "[default]MQTT Tags/thing{1}/out/out2"
              },
              "type": "tag"
            }
          }
        },
        "props": {
          "label": {
            "text": "Out2"
          }
        },
        "type": "ia.input.toggle-switch"
      },
      {
        "meta": {
          "name": "Label_2"
        },
        "position": {
          "height": 42.06999999999999,
          "width": 69,
          "x": 179.381,
          "y": 135.095
        },
        "props": {
          "text": "Sensor2"
        },
        "type": "ia.display.label"
      },
      {
        "meta": {
          "name": "Label_10"
        },
        "position": {
          "height": 42.06999999999999,
          "rotate": {
            "anchor": "50% 113%"
          },
          "width": 58,
          "x": 90.472,
          "y": 260.371
        },
        "propConfig": {
          "props.text": {
            "binding": {
              "config": {
                "fallbackDelay": 2.5,
                "mode": "indirect",
                "references": {
                  "1": "{../TextField_0.props.text}",
                  "2": "{../Dropdown.props.value}"
                },
                "tagPath": "[MQTT Engine]{1}thing{2}/in/sensor1"
              },
              "type": "tag"
            }
          }
        },
        "type": "ia.display.label"
      },
      {
        "meta": {
          "name": "Label_3"
        },
        "position": {
          "height": 42.06,
          "width": 50.000000000000014,
          "x": 84.3475,
          "y": 136.585
        },
        "props": {
          "text": "Sensor1"
        },
        "type": "ia.display.label"
      },
      {
        "meta": {
          "name": "Label_1"
        },
        "position": {
          "height": 42.06999999999999,
          "width": 50.000000000000014,
          "x": 70.3475,
          "y": 91.945
        },
        "props": {
          "text": "Count"
        },
        "type": "ia.display.label"
      },
      {
        "meta": {
          "name": "ToggleSwitch_2"
        },
        "position": {
          "height": 36,
          "width": 104,
          "x": 261.333,
          "y": 95.135
        },
        "propConfig": {
          "props.label.style.backgroundColor": {
            "binding": {
              "config": {
                "fallbackDelay": 2.5,
                "mode": "indirect",
                "references": {
                  "1": "{[default]namespace.value}",
                  "2": "{../Dropdown.props.value}"
                },
                "tagPath": "[MQTT Engine]{1}thing{2}/out/out1.value"
              },
              "transforms": [
                {
                  "fallback": "#FFFFFF",
                  "inputType": "scalar",
                  "mappings": [
                    {
                      "input": "True",
                      "output": "#00D900"
                    },
                    {
                      "input": "False",
                      "output": "#D5D5D5"
                    }
                  ],
                  "outputType": "color",
                  "type": "map"
                }
              ],
              "type": "tag"
            }
          },
          "props.selected": {
            "binding": {
              "config": {
                "bidirectional": true,
                "fallbackDelay": 2.5,
                "mode": "indirect",
                "references": {
                  "1": "{../Dropdown.props.value}"
                },
                "tagPath": "[default]MQTT Tags/thing{1}/out/out1"
              },
              "type": "tag"
            }
          }
        },
        "props": {
          "label": {
            "text": "Out1"
          }
        },
        "type": "ia.input.toggle-switch"
      },
      {
        "meta": {
          "name": "LedDisplay"
        },
        "position": {
          "height": 32,
          "width": 147,
          "x": 119.19,
          "y": 98.1
        },
        "propConfig": {
          "props.value": {
            "binding": {
              "config": {
                "fallbackDelay": 2.5,
                "mode": "indirect",
                "references": {
                  "1": "{../TextField_0.props.text}",
                  "2": "{../Dropdown.props.value}"
                },
                "tagPath": "[MQTT Engine]{1}thing{2}/count"
              },
              "type": "tag"
            }
          }
        },
        "props": {
          "numberFormat": "#,##0"
        },
        "type": "ia.display.led-display"
      },
      {
        "meta": {
          "name": "TextField_0"
        },
        "position": {
          "height": 32,
          "width": 218,
          "x": 117,
          "y": 47
        },
        "propConfig": {
          "props.text": {
            "binding": {
              "config": {
                "bidirectional": true,
                "fallbackDelay": 2.5,
                "mode": "direct",
                "tagPath": "[default]namespace"
              },
              "type": "tag"
            }
          }
        },
        "type": "ia.input.text-field"
      },
      {
        "meta": {
          "name": "Label_8"
        },
        "position": {
          "height": 32,
          "width": 94,
          "x": 15.79,
          "y": 44.76250457763672
        },
        "props": {
          "text": "Namespace:"
        },
        "type": "ia.display.label"
      },
      {
        "meta": {
          "name": "Label"
        },
        "position": {
          "height": 32,
          "width": 50,
          "x": 8.479,
          "y": 99.3022
        },
        "propConfig": {
          "props.style.backgroundColor": {
            "binding": {
              "config": {
                "fallbackDelay": 2.5,
                "mode": "indirect",
                "references": {
                  "1": "{[default]namespace.value}",
                  "2": "{../Dropdown.props.value}"
                },
                "tagPath": "[MQTT Engine]{1}thing{2}/in/digitalIn4.value"
              },
              "transforms": [
                {
                  "fallback": "#FFFFFF",
                  "inputType": "scalar",
                  "mappings": [
                    {
                      "input": "0",
                      "output": "#D5D5D5"
                    },
                    {
                      "input": "1",
                      "output": "#00D900"
                    }
                  ],
                  "outputType": "color",
                  "type": "map"
                }
              ],
              "type": "tag"
            }
          }
        },
        "props": {
          "text": "In1"
        },
        "type": "ia.display.label"
      },
      {
        "meta": {
          "name": "Label_0"
        },
        "position": {
          "height": 32,
          "width": 50,
          "x": 8.435,
          "y": 150.265
        },
        "props": {
          "text": "In2"
        },
        "type": "ia.display.label"
      },
      {
        "meta": {
          "name": "Label_13"
        },
        "position": {
          "height": 32,
          "width": 50,
          "x": 8.435,
          "y": 201.265
        },
        "props": {
          "text": "In3"
        },
        "type": "ia.display.label"
      },
      {
        "meta": {
          "name": "Label_14"
        },
        "position": {
          "height": 32,
          "width": 50,
          "x": 8.435,
          "y": 252.265
        },
        "props": {
          "text": "In4"
        },
        "type": "ia.display.label"
      },
      {
        "meta": {
          "name": "Dropdown"
        },
        "position": {
          "height": 37,
          "width": 90,
          "x": 133.93,
          "y": 2.28084
        },
        "propConfig": {
          "props.options[0].isDisabled": {
            "binding": {
              "config": {
                "fallbackDelay": 2.5,
                "mode": "indirect",
                "references": {
                  "1": "{[default]namespace}"
                },
                "tagPath": "[MQTT Engine]{1}thing1/count.value"
              },
              "transforms": [
                {
                  "fallback": "true",
                  "inputType": "range",
                  "mappings": [
                    {
                      "input": {
                        "max": 0,
                        "min": 0
                      },
                      "output": "true"
                    },
                    {
                      "input": {
                        "max": 100000000000000,
                        "min": 0
                      },
                      "output": "false"
                    }
                  ],
                  "outputType": "expression",
                  "type": "map"
                }
              ],
              "type": "tag"
            }
          },
          "props.options[10].isDisabled": {
            "binding": {
              "config": {
                "fallbackDelay": 2.5,
                "mode": "indirect",
                "references": {
                  "1": "{[default]namespace}"
                },
                "tagPath": "[MQTT Engine]{1}thing11/count.value"
              },
              "transforms": [
                {
                  "fallback": "true",
                  "inputType": "range",
                  "mappings": [
                    {
                      "input": {
                        "max": 0,
                        "min": 0
                      },
                      "output": "true"
                    },
                    {
                      "input": {
                        "max": 100000000000000,
                        "min": 0
                      },
                      "output": "false"
                    }
                  ],
                  "outputType": "expression",
                  "type": "map"
                }
              ],
              "type": "tag"
            }
          },
          "props.options[11].isDisabled": {
            "binding": {
              "config": {
                "fallbackDelay": 2.5,
                "mode": "indirect",
                "references": {
                  "1": "{[default]namespace}"
                },
                "tagPath": "[MQTT Engine]{1}thing12/count.value"
              },
              "transforms": [
                {
                  "fallback": "true",
                  "inputType": "range",
                  "mappings": [
                    {
                      "input": {
                        "max": 0,
                        "min": 0
                      },
                      "output": "true"
                    },
                    {
                      "input": {
                        "max": 100000000000000,
                        "min": 0
                      },
                      "output": "false"
                    }
                  ],
                  "outputType": "expression",
                  "type": "map"
                }
              ],
              "type": "tag"
            }
          },
          "props.options[12].isDisabled": {
            "binding": {
              "config": {
                "fallbackDelay": 2.5,
                "mode": "indirect",
                "references": {
                  "1": "{[default]namespace}"
                },
                "tagPath": "[MQTT Engine]{1}thing13/count.value"
              },
              "transforms": [
                {
                  "fallback": "true",
                  "inputType": "range",
                  "mappings": [
                    {
                      "input": {
                        "max": 0,
                        "min": 0
                      },
                      "output": "true"
                    },
                    {
                      "input": {
                        "max": 100000000000000,
                        "min": 0
                      },
                      "output": "false"
                    }
                  ],
                  "outputType": "expression",
                  "type": "map"
                }
              ],
              "type": "tag"
            }
          },
          "props.options[13].isDisabled": {
            "binding": {
              "config": {
                "fallbackDelay": 2.5,
                "mode": "indirect",
                "references": {
                  "1": "{[default]namespace}"
                },
                "tagPath": "[MQTT Engine]{1}thing14/count.value"
              },
              "transforms": [
                {
                  "fallback": "true",
                  "inputType": "range",
                  "mappings": [
                    {
                      "input": {
                        "max": 0,
                        "min": 0
                      },
                      "output": "true"
                    },
                    {
                      "input": {
                        "max": 100000000000000,
                        "min": 0
                      },
                      "output": "false"
                    }
                  ],
                  "outputType": "expression",
                  "type": "map"
                }
              ],
              "type": "tag"
            }
          },
          "props.options[14].isDisabled": {
            "binding": {
              "config": {
                "fallbackDelay": 2.5,
                "mode": "indirect",
                "references": {
                  "1": "{[default]namespace}"
                },
                "tagPath": "[MQTT Engine]{1}thing15/count.value"
              },
              "transforms": [
                {
                  "fallback": "true",
                  "inputType": "range",
                  "mappings": [
                    {
                      "input": {
                        "max": 0,
                        "min": 0
                      },
                      "output": "true"
                    },
                    {
                      "input": {
                        "max": 100000000000000,
                        "min": 0
                      },
                      "output": "false"
                    }
                  ],
                  "outputType": "expression",
                  "type": "map"
                }
              ],
              "type": "tag"
            }
          },
          "props.options[15].isDisabled": {
            "binding": {
              "config": {
                "fallbackDelay": 2.5,
                "mode": "indirect",
                "references": {
                  "1": "{[default]namespace}"
                },
                "tagPath": "[MQTT Engine]{1}thing16/count.value"
              },
              "transforms": [
                {
                  "fallback": "true",
                  "inputType": "range",
                  "mappings": [
                    {
                      "input": {
                        "max": 0,
                        "min": 0
                      },
                      "output": "true"
                    },
                    {
                      "input": {
                        "max": 100000000000000,
                        "min": 0
                      },
                      "output": "false"
                    }
                  ],
                  "outputType": "expression",
                  "type": "map"
                }
              ],
              "type": "tag"
            }
          },
          "props.options[16].isDisabled": {
            "binding": {
              "config": {
                "fallbackDelay": 2.5,
                "mode": "indirect",
                "references": {
                  "1": "{[default]namespace}"
                },
                "tagPath": "[MQTT Engine]{1}thing17/count.value"
              },
              "transforms": [
                {
                  "fallback": "true",
                  "inputType": "range",
                  "mappings": [
                    {
                      "input": {
                        "max": 0,
                        "min": 0
                      },
                      "output": "true"
                    },
                    {
                      "input": {
                        "max": 100000000000000,
                        "min": 0
                      },
                      "output": "false"
                    }
                  ],
                  "outputType": "expression",
                  "type": "map"
                }
              ],
              "type": "tag"
            }
          },
          "props.options[17].isDisabled": {
            "binding": {
              "config": {
                "fallbackDelay": 2.5,
                "mode": "indirect",
                "references": {
                  "1": "{[default]namespace}"
                },
                "tagPath": "[MQTT Engine]{1}thing18/count.value"
              },
              "transforms": [
                {
                  "fallback": "true",
                  "inputType": "range",
                  "mappings": [
                    {
                      "input": {
                        "max": 0,
                        "min": 0
                      },
                      "output": "true"
                    },
                    {
                      "input": {
                        "max": 100000000000000,
                        "min": 0
                      },
                      "output": "false"
                    }
                  ],
                  "outputType": "expression",
                  "type": "map"
                }
              ],
              "type": "tag"
            }
          },
          "props.options[18].isDisabled": {
            "binding": {
              "config": {
                "fallbackDelay": 2.5,
                "mode": "indirect",
                "references": {
                  "1": "{[default]namespace}"
                },
                "tagPath": "[MQTT Engine]{1}thing19/count.value"
              },
              "transforms": [
                {
                  "fallback": "true",
                  "inputType": "range",
                  "mappings": [
                    {
                      "input": {
                        "max": 0,
                        "min": 0
                      },
                      "output": "true"
                    },
                    {
                      "input": {
                        "max": 100000000000000,
                        "min": 0
                      },
                      "output": "false"
                    }
                  ],
                  "outputType": "expression",
                  "type": "map"
                }
              ],
              "type": "tag"
            }
          },
          "props.options[19].isDisabled": {
            "binding": {
              "config": {
                "fallbackDelay": 2.5,
                "mode": "indirect",
                "references": {
                  "1": "{[default]namespace}"
                },
                "tagPath": "[MQTT Engine]{1}thing20/count.value"
              },
              "transforms": [
                {
                  "fallback": "true",
                  "inputType": "range",
                  "mappings": [
                    {
                      "input": {
                        "max": 0,
                        "min": 0
                      },
                      "output": "true"
                    },
                    {
                      "input": {
                        "max": 100000000000000,
                        "min": 0
                      },
                      "output": "false"
                    }
                  ],
                  "outputType": "expression",
                  "type": "map"
                }
              ],
              "type": "tag"
            }
          },
          "props.options[1].isDisabled": {
            "binding": {
              "config": {
                "fallbackDelay": 2.5,
                "mode": "indirect",
                "references": {
                  "1": "{[default]namespace}"
                },
                "tagPath": "[MQTT Engine]{1}thing2/count.value"
              },
              "transforms": [
                {
                  "fallback": "true",
                  "inputType": "range",
                  "mappings": [
                    {
                      "input": {
                        "max": 0,
                        "min": 0
                      },
                      "output": "true"
                    },
                    {
                      "input": {
                        "max": 100000000000000,
                        "min": 0
                      },
                      "output": "false"
                    }
                  ],
                  "outputType": "expression",
                  "type": "map"
                }
              ],
              "type": "tag"
            }
          },
          "props.options[20].isDisabled": {
            "binding": {
              "config": {
                "fallbackDelay": 2.5,
                "mode": "indirect",
                "references": {
                  "1": "{[default]namespace}"
                },
                "tagPath": "[MQTT Engine]{1}thing21/count.value"
              },
              "transforms": [
                {
                  "fallback": "true",
                  "inputType": "range",
                  "mappings": [
                    {
                      "input": {
                        "max": 0,
                        "min": 0
                      },
                      "output": "true"
                    },
                    {
                      "input": {
                        "max": 100000000000000,
                        "min": 0
                      },
                      "output": "false"
                    }
                  ],
                  "outputType": "expression",
                  "type": "map"
                }
              ],
              "type": "tag"
            }
          },
          "props.options[21].isDisabled": {
            "binding": {
              "config": {
                "fallbackDelay": 2.5,
                "mode": "indirect",
                "references": {
                  "1": "{[default]namespace}"
                },
                "tagPath": "[MQTT Engine]{1}thing22/count.value"
              },
              "transforms": [
                {
                  "fallback": "true",
                  "inputType": "range",
                  "mappings": [
                    {
                      "input": {
                        "max": 0,
                        "min": 0
                      },
                      "output": "true"
                    },
                    {
                      "input": {
                        "max": 100000000000000,
                        "min": 0
                      },
                      "output": "false"
                    }
                  ],
                  "outputType": "expression",
                  "type": "map"
                }
              ],
              "type": "tag"
            }
          },
          "props.options[22].isDisabled": {
            "binding": {
              "config": {
                "fallbackDelay": 2.5,
                "mode": "indirect",
                "references": {
                  "1": "{[default]namespace}"
                },
                "tagPath": "[MQTT Engine]{1}thing23/count.value"
              },
              "transforms": [
                {
                  "fallback": "true",
                  "inputType": "range",
                  "mappings": [
                    {
                      "input": {
                        "max": 0,
                        "min": 0
                      },
                      "output": "true"
                    },
                    {
                      "input": {
                        "max": 100000000000000,
                        "min": 0
                      },
                      "output": "false"
                    }
                  ],
                  "outputType": "expression",
                  "type": "map"
                }
              ],
              "type": "tag"
            }
          },
          "props.options[23].isDisabled": {
            "binding": {
              "config": {
                "fallbackDelay": 2.5,
                "mode": "indirect",
                "references": {
                  "1": "{[default]namespace}"
                },
                "tagPath": "[MQTT Engine]{1}thing24/count.value"
              },
              "transforms": [
                {
                  "fallback": "true",
                  "inputType": "range",
                  "mappings": [
                    {
                      "input": {
                        "max": 0,
                        "min": 0
                      },
                      "output": "true"
                    },
                    {
                      "input": {
                        "max": 100000000000000,
                        "min": 0
                      },
                      "output": "false"
                    }
                  ],
                  "outputType": "expression",
                  "type": "map"
                }
              ],
              "type": "tag"
            }
          },
          "props.options[24].isDisabled": {
            "binding": {
              "config": {
                "fallbackDelay": 2.5,
                "mode": "indirect",
                "references": {
                  "1": "{[default]namespace}"
                },
                "tagPath": "[MQTT Engine]{1}thing25/count.value"
              },
              "transforms": [
                {
                  "fallback": "true",
                  "inputType": "range",
                  "mappings": [
                    {
                      "input": {
                        "max": 0,
                        "min": 0
                      },
                      "output": "true"
                    },
                    {
                      "input": {
                        "max": 100000000000000,
                        "min": 0
                      },
                      "output": "false"
                    }
                  ],
                  "outputType": "expression",
                  "type": "map"
                }
              ],
              "type": "tag"
            }
          },
          "props.options[25].isDisabled": {
            "binding": {
              "config": {
                "fallbackDelay": 2.5,
                "mode": "indirect",
                "references": {
                  "1": "{[default]namespace}"
                },
                "tagPath": "[MQTT Engine]{1}thing26/count.value"
              },
              "transforms": [
                {
                  "fallback": "true",
                  "inputType": "range",
                  "mappings": [
                    {
                      "input": {
                        "max": 0,
                        "min": 0
                      },
                      "output": "true"
                    },
                    {
                      "input": {
                        "max": 100000000000000,
                        "min": 0
                      },
                      "output": "false"
                    }
                  ],
                  "outputType": "expression",
                  "type": "map"
                }
              ],
              "type": "tag"
            }
          },
          "props.options[26].isDisabled": {
            "binding": {
              "config": {
                "fallbackDelay": 2.5,
                "mode": "indirect",
                "references": {
                  "1": "{[default]namespace}"
                },
                "tagPath": "[MQTT Engine]{1}thing27/count.value"
              },
              "transforms": [
                {
                  "fallback": "true",
                  "inputType": "range",
                  "mappings": [
                    {
                      "input": {
                        "max": 0,
                        "min": 0
                      },
                      "output": "true"
                    },
                    {
                      "input": {
                        "max": 100000000000000,
                        "min": 0
                      },
                      "output": "false"
                    }
                  ],
                  "outputType": "expression",
                  "type": "map"
                }
              ],
              "type": "tag"
            }
          },
          "props.options[27].isDisabled": {
            "binding": {
              "config": {
                "fallbackDelay": 2.5,
                "mode": "indirect",
                "references": {
                  "1": "{[default]namespace}"
                },
                "tagPath": "[MQTT Engine]{1}thing28/count.value"
              },
              "transforms": [
                {
                  "fallback": "true",
                  "inputType": "range",
                  "mappings": [
                    {
                      "input": {
                        "max": 0,
                        "min": 0
                      },
                      "output": "true"
                    },
                    {
                      "input": {
                        "max": 100000000000000,
                        "min": 0
                      },
                      "output": "false"
                    }
                  ],
                  "outputType": "expression",
                  "type": "map"
                }
              ],
              "type": "tag"
            }
          },
          "props.options[28].isDisabled": {
            "binding": {
              "config": {
                "fallbackDelay": 2.5,
                "mode": "indirect",
                "references": {
                  "1": "{[default]namespace}"
                },
                "tagPath": "[MQTT Engine]{1}thing29/count.value"
              },
              "transforms": [
                {
                  "fallback": "true",
                  "inputType": "range",
                  "mappings": [
                    {
                      "input": {
                        "max": 0,
                        "min": 0
                      },
                      "output": "true"
                    },
                    {
                      "input": {
                        "max": 100000000000000,
                        "min": 0
                      },
                      "output": "false"
                    }
                  ],
                  "outputType": "expression",
                  "type": "map"
                }
              ],
              "type": "tag"
            }
          },
          "props.options[29].isDisabled": {
            "binding": {
              "config": {
                "fallbackDelay": 2.5,
                "mode": "indirect",
                "references": {
                  "1": "{[default]namespace}"
                },
                "tagPath": "[MQTT Engine]{1}thing30/count.value"
              },
              "transforms": [
                {
                  "fallback": "true",
                  "inputType": "range",
                  "mappings": [
                    {
                      "input": {
                        "max": 0,
                        "min": 0
                      },
                      "output": "true"
                    },
                    {
                      "input": {
                        "max": 100000000000000,
                        "min": 0
                      },
                      "output": "false"
                    }
                  ],
                  "outputType": "expression",
                  "type": "map"
                }
              ],
              "type": "tag"
            }
          },
          "props.options[2].isDisabled": {
            "binding": {
              "config": {
                "fallbackDelay": 2.5,
                "mode": "indirect",
                "references": {
                  "1": "{[default]namespace}"
                },
                "tagPath": "[MQTT Engine]{1}thing3/count.value"
              },
              "transforms": [
                {
                  "fallback": "true",
                  "inputType": "range",
                  "mappings": [
                    {
                      "input": {
                        "max": 0,
                        "min": 0
                      },
                      "output": "true"
                    },
                    {
                      "input": {
                        "max": 100000000000000,
                        "min": 0
                      },
                      "output": "false"
                    }
                  ],
                  "outputType": "expression",
                  "type": "map"
                }
              ],
              "type": "tag"
            }
          },
          "props.options[3].isDisabled": {
            "binding": {
              "config": {
                "fallbackDelay": 2.5,
                "mode": "indirect",
                "references": {
                  "1": "{[default]namespace}"
                },
                "tagPath": "[MQTT Engine]{1}thing4/count.value"
              },
              "transforms": [
                {
                  "fallback": "true",
                  "inputType": "range",
                  "mappings": [
                    {
                      "input": {
                        "max": 0,
                        "min": 0
                      },
                      "output": "true"
                    },
                    {
                      "input": {
                        "max": 100000000000000,
                        "min": 0
                      },
                      "output": "false"
                    }
                  ],
                  "outputType": "expression",
                  "type": "map"
                }
              ],
              "type": "tag"
            }
          },
          "props.options[4].isDisabled": {
            "binding": {
              "config": {
                "fallbackDelay": 2.5,
                "mode": "indirect",
                "references": {
                  "1": "{[default]namespace}"
                },
                "tagPath": "[MQTT Engine]{1}thing5/count.value"
              },
              "transforms": [
                {
                  "fallback": "true",
                  "inputType": "range",
                  "mappings": [
                    {
                      "input": {
                        "max": 0,
                        "min": 0
                      },
                      "output": "true"
                    },
                    {
                      "input": {
                        "max": 100000000000000,
                        "min": 0
                      },
                      "output": "false"
                    }
                  ],
                  "outputType": "expression",
                  "type": "map"
                }
              ],
              "type": "tag"
            }
          },
          "props.options[5].isDisabled": {
            "binding": {
              "config": {
                "fallbackDelay": 2.5,
                "mode": "indirect",
                "references": {
                  "1": "{[default]namespace}"
                },
                "tagPath": "[MQTT Engine]{1}thing6/count.value"
              },
              "transforms": [
                {
                  "fallback": "true",
                  "inputType": "range",
                  "mappings": [
                    {
                      "input": {
                        "max": 0,
                        "min": 0
                      },
                      "output": "true"
                    },
                    {
                      "input": {
                        "max": 100000000000000,
                        "min": 0
                      },
                      "output": "false"
                    }
                  ],
                  "outputType": "expression",
                  "type": "map"
                }
              ],
              "type": "tag"
            }
          },
          "props.options[6].isDisabled": {
            "binding": {
              "config": {
                "fallbackDelay": 2.5,
                "mode": "indirect",
                "references": {
                  "1": "{[default]namespace}"
                },
                "tagPath": "[MQTT Engine]{1}thing7/count.value"
              },
              "transforms": [
                {
                  "fallback": "true",
                  "inputType": "range",
                  "mappings": [
                    {
                      "input": {
                        "max": 0,
                        "min": 0
                      },
                      "output": "true"
                    },
                    {
                      "input": {
                        "max": 100000000000000,
                        "min": 0
                      },
                      "output": "false"
                    }
                  ],
                  "outputType": "expression",
                  "type": "map"
                }
              ],
              "type": "tag"
            }
          },
          "props.options[7].isDisabled": {
            "binding": {
              "config": {
                "fallbackDelay": 2.5,
                "mode": "indirect",
                "references": {
                  "1": "{[default]namespace}"
                },
                "tagPath": "[MQTT Engine]{1}thing8/count.value"
              },
              "transforms": [
                {
                  "fallback": "true",
                  "inputType": "range",
                  "mappings": [
                    {
                      "input": {
                        "max": 0,
                        "min": 0
                      },
                      "output": "true"
                    },
                    {
                      "input": {
                        "max": 100000000000000,
                        "min": 0
                      },
                      "output": "false"
                    }
                  ],
                  "outputType": "expression",
                  "type": "map"
                }
              ],
              "type": "tag"
            }
          },
          "props.options[8].isDisabled": {
            "binding": {
              "config": {
                "fallbackDelay": 2.5,
                "mode": "indirect",
                "references": {
                  "1": "{[default]namespace}"
                },
                "tagPath": "[MQTT Engine]{1}thing9/count.value"
              },
              "transforms": [
                {
                  "fallback": "true",
                  "inputType": "range",
                  "mappings": [
                    {
                      "input": {
                        "max": 0,
                        "min": 0
                      },
                      "output": "true"
                    },
                    {
                      "input": {
                        "max": 100000000000000,
                        "min": 0
                      },
                      "output": "false"
                    }
                  ],
                  "outputType": "expression",
                  "type": "map"
                }
              ],
              "type": "tag"
            }
          },
          "props.options[9].isDisabled": {
            "binding": {
              "config": {
                "fallbackDelay": 2.5,
                "mode": "indirect",
                "references": {
                  "1": "{[default]namespace}"
                },
                "tagPath": "[MQTT Engine]{1}thing10/count.value"
              },
              "transforms": [
                {
                  "fallback": "true",
                  "inputType": "range",
                  "mappings": [
                    {
                      "input": {
                        "max": 0,
                        "min": 0
                      },
                      "output": "true"
                    },
                    {
                      "input": {
                        "max": 100000000000000,
                        "min": 0
                      },
                      "output": "false"
                    }
                  ],
                  "outputType": "expression",
                  "type": "map"
                }
              ],
              "type": "tag"
            }
          }
        },
        "props": {
          "options": [
            {
              "label": 1,
              "value": 1
            },
            {
              "label": 2,
              "value": 2
            },
            {
              "label": 3,
              "value": 3
            },
            {
              "label": 4,
              "value": 4
            },
            {
              "label": 5,
              "value": 5
            },
            {
              "label": 6,
              "value": 6
            },
            {
              "label": 7,
              "value": 7
            },
            {
              "label": 8,
              "value": 8
            },
            {
              "label": 9,
              "value": 9
            },
            {
              "label": 10,
              "value": 10
            },
            {
              "label": 11,
              "value": 11
            },
            {
              "label": 12,
              "value": 12
            },
            {
              "label": 13,
              "value": 13
            },
            {
              "label": 14,
              "value": 14
            },
            {
              "label": 15,
              "value": 15
            },
            {
              "label": 16,
              "value": 16
            },
            {
              "label": 17,
              "value": 17
            },
            {
              "label": 18,
              "value": 18
            },
            {
              "label": 19,
              "value": 19
            },
            {
              "label": 20,
              "value": 20
            },
            {
              "label": 21,
              "value": 21
            },
            {
              "label": 22,
              "value": 22
            },
            {
              "label": 23,
              "value": 23
            },
            {
              "label": 24,
              "value": 24
            },
            {
              "label": 25,
              "value": 25
            },
            {
              "label": 26,
              "value": 26
            },
            {
              "label": 27,
              "value": 27
            },
            {
              "label": 28,
              "value": 28
            },
            {
              "label": 29,
              "value": 29
            },
            {
              "label": 30,
              "value": 30
            }
          ],
          "placeholder": {
            "text": "Select Thing Number"
          },
          "value": 1
        },
        "type": "ia.input.dropdown"
      },
      {
        "meta": {
          "name": "Label_9"
        },
        "position": {
          "height": 32,
          "width": 117,
          "x": 16.13,
          "y": 4
        },
        "props": {
          "text": "Thing Number:"
        },
        "type": "ia.display.label"
      },
      {
        "meta": {
          "name": "Label_5"
        },
        "position": {
          "height": 32,
          "width": 71,
          "x": 29,
          "y": 581
        },
        "props": {
          "text": "Message"
        },
        "type": "ia.display.label"
      },
      {
        "meta": {
          "name": "Horizontal conveyor with perspective"
        },
        "position": {
          "height": 47,
          "width": 300,
          "x": 396,
          "y": 201.22375
        },
        "props": {
          "elements": [
            {
              "d": "M811,124 l16,-5 5,-16 -5,-15 -16,-5 -791,0 -15,5 -5,15 5,16 15,5 791,0z",
              "fill": {
                "paint": "#4c4c4c"
              },
              "name": "path",
              "stroke": {
                "paint": "#4c4c4c",
                "width": "2"
              },
              "type": "path"
            },
            {
              "d": "M5,118 l-5,-14 5,-15 16,-6 14,6 6,15 -6,14 -14,6 -16,-6z",
              "fill": {
                "paint": "#f2f2f2"
              },
              "name": "path",
              "stroke": {
                "paint": "#4c4c4c",
                "width": "2"
              },
              "type": "path"
            },
            {
              "d": "M47,118 l-6,-14 6,-15 15,-6 15,6 6,15 -6,14 -15,6 -15,-6z",
              "fill": {
                "paint": "#f2f2f2"
              },
              "name": "path",
              "stroke": {
                "paint": "#4c4c4c",
                "width": "2"
              },
              "type": "path"
            },
            {
              "d": "M89,118 l-6,-14 6,-15 15,-6 14,6 6,15 -6,14 -14,6 -15,-6z",
              "fill": {
                "paint": "#f2f2f2"
              },
              "name": "path",
              "stroke": {
                "paint": "#4c4c4c",
                "width": "2"
              },
              "type": "path"
            },
            {
              "d": "M130,118 l-6,-14 6,-15 15,-6 15,6 6,15 -6,14 -15,6 -15,-6z",
              "fill": {
                "paint": "#f2f2f2"
              },
              "name": "path",
              "stroke": {
                "paint": "#4c4c4c",
                "width": "2"
              },
              "type": "path"
            },
            {
              "d": "M172,118 l-6,-14 6,-15 15,-6 15,6 6,15 -6,14 -15,6 -15,-6z",
              "fill": {
                "paint": "#f2f2f2"
              },
              "name": "path",
              "stroke": {
                "paint": "#4c4c4c",
                "width": "2"
              },
              "type": "path"
            },
            {
              "d": "M214,118 l-6,-14 6,-15 15,-6 14,6 6,15 -6,14 -14,6 -15,-6z",
              "fill": {
                "paint": "#f2f2f2"
              },
              "name": "path",
              "stroke": {
                "paint": "#4c4c4c",
                "width": "2"
              },
              "type": "path"
            },
            {
              "d": "M255,118 l-6,-14 6,-15 15,-6 15,6 6,15 -6,14 -15,6 -15,-6z",
              "fill": {
                "paint": "#f2f2f2"
              },
              "name": "path",
              "stroke": {
                "paint": "#4c4c4c",
                "width": "2"
              },
              "type": "path"
            },
            {
              "d": "M297,118 l-6,-14 6,-15 15,-6 15,6 6,15 -6,14 -15,6 -15,-6z",
              "fill": {
                "paint": "#f2f2f2"
              },
              "name": "path",
              "stroke": {
                "paint": "#4c4c4c",
                "width": "2"
              },
              "type": "path"
            },
            {
              "d": "M338,118 l-5,-14 5,-15 15,-6 15,6 6,15 -6,14 -15,6 -15,-6z",
              "fill": {
                "paint": "#f2f2f2"
              },
              "name": "path",
              "stroke": {
                "paint": "#4c4c4c",
                "width": "2"
              },
              "type": "path"
            },
            {
              "d": "M380,118 l-6,-14 6,-15 15,-6 15,6 6,15 -6,14 -15,6 -15,-6z",
              "fill": {
                "paint": "#f2f2f2"
              },
              "name": "path",
              "stroke": {
                "paint": "#4c4c4c",
                "width": "2"
              },
              "type": "path"
            },
            {
              "d": "M422,118 l-6,-14 6,-15 15,-6 14,6 6,15 -6,14 -14,6 -15,-6z",
              "fill": {
                "paint": "#f2f2f2"
              },
              "name": "path",
              "stroke": {
                "paint": "#4c4c4c",
                "width": "2"
              },
              "type": "path"
            },
            {
              "d": "M463,118 l-6,-14 6,-15 15,-6 15,6 6,15 -6,14 -15,6 -15,-6z",
              "fill": {
                "paint": "#f2f2f2"
              },
              "name": "path",
              "stroke": {
                "paint": "#4c4c4c",
                "width": "2"
              },
              "type": "path"
            },
            {
              "d": "M505,118 l-6,-14 6,-15 15,-6 15,6 6,15 -6,14 -15,6 -15,-6z",
              "fill": {
                "paint": "#f2f2f2"
              },
              "name": "path",
              "stroke": {
                "paint": "#4c4c4c",
                "width": "2"
              },
              "type": "path"
            },
            {
              "d": "M547,118 l-6,-14 6,-15 15,-6 14,6 6,15 -6,14 -14,6 -15,-6z",
              "fill": {
                "paint": "#f2f2f2"
              },
              "name": "path",
              "stroke": {
                "paint": "#4c4c4c",
                "width": "2"
              },
              "type": "path"
            },
            {
              "d": "M588,118 l-6,-14 6,-15 15,-6 15,6 6,15 -6,14 -15,6 -15,-6z",
              "fill": {
                "paint": "#f2f2f2"
              },
              "name": "path",
              "stroke": {
                "paint": "#4c4c4c",
                "width": "2"
              },
              "type": "path"
            },
            {
              "d": "M630,118 l-6,-14 6,-15 15,-6 15,6 6,15 -6,14 -15,6 -15,-6z",
              "fill": {
                "paint": "#f2f2f2"
              },
              "name": "path",
              "stroke": {
                "paint": "#4c4c4c",
                "width": "2"
              },
              "type": "path"
            },
            {
              "d": "M671,118 l-5,-14 5,-15 15,-6 15,6 6,15 -6,14 -15,6 -15,-6z",
              "fill": {
                "paint": "#f2f2f2"
              },
              "name": "path",
              "stroke": {
                "paint": "#4c4c4c",
                "width": "2"
              },
              "type": "path"
            },
            {
              "d": "M713,118 l-6,-14 6,-15 15,-6 15,6 6,15 -6,14 -15,6 -15,-6z",
              "fill": {
                "paint": "#f2f2f2"
              },
              "name": "path",
              "stroke": {
                "paint": "#4c4c4c",
                "width": "2"
              },
              "type": "path"
            },
            {
              "d": "M755,118 l-6,-14 6,-15 15,-6 14,6 6,15 -6,14 -14,6 -15,-6z",
              "fill": {
                "paint": "#f2f2f2"
              },
              "name": "path",
              "stroke": {
                "paint": "#4c4c4c",
                "width": "2"
              },
              "type": "path"
            },
            {
              "d": "M796,118 l-6,-14 6,-15 15,-6 15,6 6,14 -6,15 -15,6 -15,-6z",
              "fill": {
                "paint": "#f2f2f2"
              },
              "name": "path",
              "stroke": {
                "paint": "#4c4c4c",
                "width": "2"
              },
              "type": "path"
            },
            {
              "d": "M13,111 l-3,-7 3,-8 7,-3 8,3 3,8 -3,7 -8,3 -7,-3z",
              "fill": {
                "paint": "#4c4c4c"
              },
              "name": "path",
              "type": "path"
            },
            {
              "d": "M54,111 l-3,-7 3,-8 8,-3 7,3 3,8 -3,7 -7,3 -8,-3z",
              "fill": {
                "paint": "#4c4c4c"
              },
              "name": "path",
              "type": "path"
            },
            {
              "d": "M96,111 l-3,-7 3,-8 8,-3 7,3 3,8 -3,7 -7,3 -8,-3z",
              "fill": {
                "paint": "#4c4c4c"
              },
              "name": "path",
              "type": "path"
            },
            {
              "d": "M138,111 l-3,-7 3,-8 7,-3 8,3 3,8 -3,7 -8,3 -7,-3z",
              "fill": {
                "paint": "#4c4c4c"
              },
              "name": "path",
              "type": "path"
            },
            {
              "d": "M179,111 l-3,-7 3,-8 8,-3 7,3 3,8 -3,7 -7,3 -8,-3z",
              "fill": {
                "paint": "#4c4c4c"
              },
              "name": "path",
              "type": "path"
            },
            {
              "d": "M221,111 l-3,-7 3,-8 8,-3 7,3 3,8 -3,7 -7,3 -8,-3z",
              "fill": {
                "paint": "#4c4c4c"
              },
              "name": "path",
              "type": "path"
            },
            {
              "d": "M263,111 l-3,-7 3,-8 7,-3 8,3 3,8 -3,7 -8,3 -7,-3z",
              "fill": {
                "paint": "#4c4c4c"
              },
              "name": "path",
              "type": "path"
            },
            {
              "d": "M304,111 l-3,-7 3,-8 8,-3 7,3 3,8 -3,7 -7,3 -8,-3z",
              "fill": {
                "paint": "#4c4c4c"
              },
              "name": "path",
              "type": "path"
            },
            {
              "d": "M346,111 l-3,-7 3,-8 7,-3 8,3 3,8 -3,7 -8,3 -7,-3z",
              "fill": {
                "paint": "#4c4c4c"
              },
              "name": "path",
              "type": "path"
            },
            {
              "d": "M387,111 l-3,-7 3,-8 8,-3 7,3 3,8 -3,7 -7,3 -8,-3z",
              "fill": {
                "paint": "#4c4c4c"
              },
              "name": "path",
              "type": "path"
            },
            {
              "d": "M429,111 l-3,-7 3,-8 8,-3 7,3 3,8 -3,7 -7,3 -8,-3z",
              "fill": {
                "paint": "#4c4c4c"
              },
              "name": "path",
              "type": "path"
            },
            {
              "d": "M471,111 l-3,-7 3,-8 7,-3 8,3 3,8 -3,7 -8,3 -7,-3z",
              "fill": {
                "paint": "#4c4c4c"
              },
              "name": "path",
              "type": "path"
            },
            {
              "d": "M512,111 l-3,-7 3,-8 8,-3 7,3 3,8 -3,7 -7,3 -8,-3z",
              "fill": {
                "paint": "#4c4c4c"
              },
              "name": "path",
              "type": "path"
            },
            {
              "d": "M554,111 l-3,-7 3,-8 8,-3 7,3 3,8 -3,7 -7,3 -8,-3z",
              "fill": {
                "paint": "#4c4c4c"
              },
              "name": "path",
              "type": "path"
            },
            {
              "d": "M596,111 l-3,-7 3,-8 7,-3 8,3 3,8 -3,7 -8,3 -7,-3z",
              "fill": {
                "paint": "#4c4c4c"
              },
              "name": "path",
              "type": "path"
            },
            {
              "d": "M637,111 l-3,-7 3,-8 8,-3 7,3 3,8 -3,7 -7,3 -8,-3z",
              "fill": {
                "paint": "#4c4c4c"
              },
              "name": "path",
              "type": "path"
            },
            {
              "d": "M679,111 l-3,-7 3,-8 7,-3 8,3 3,8 -3,7 -8,3 -7,-3z",
              "fill": {
                "paint": "#4c4c4c"
              },
              "name": "path",
              "type": "path"
            },
            {
              "d": "M720,111 l-3,-7 3,-8 8,-3 7,3 3,8 -3,7 -7,3 -8,-3z",
              "fill": {
                "paint": "#4c4c4c"
              },
              "name": "path",
              "type": "path"
            },
            {
              "d": "M762,111 l-3,-7 3,-8 8,-3 7,3 3,8 -3,7 -7,3 -8,-3z",
              "fill": {
                "paint": "#4c4c4c"
              },
              "name": "path",
              "type": "path"
            },
            {
              "d": "M804,111 l-3,-7 3,-8 7,-3 8,3 3,8 -3,7 -8,3 -7,-3z",
              "fill": {
                "paint": "#4c4c4c"
              },
              "name": "path",
              "type": "path"
            },
            {
              "d": "M20,83 l167,-83 791,0 15,5 -166,83 -16,-5 -791,0z",
              "fill": {
                "paint": "#b2b2b2"
              },
              "name": "path",
              "type": "path"
            },
            {
              "d": "M832,103 l-5,16 166,-83 6,-16 -167,83z",
              "fill": {
                "paint": "#666"
              },
              "name": "path",
              "type": "path"
            },
            {
              "d": "M832,103 l-5,-15 166,-83 6,15 -167,83z",
              "fill": {
                "paint": "#8c8c8c"
              },
              "name": "path",
              "type": "path"
            },
            {
              "d": "M20,83 l-15,5 166,-83 16,-5 -167,83z",
              "fill": {
                "paint": "#999"
              },
              "name": "path",
              "type": "path"
            },
            {
              "d": "M567,83 l166,-83 83,0 -166,83 -83,0z",
              "fill": {
                "paint": "#a6a6a6"
              },
              "name": "path",
              "stroke": {
                "paint": "#7f7f7f",
                "width": "2"
              },
              "type": "path"
            },
            {
              "d": "M197,83 l167,-83 83,0 -166,83 -84,0z",
              "fill": {
                "paint": "#a6a6a6"
              },
              "name": "path",
              "stroke": {
                "paint": "#7f7f7f",
                "width": "2"
              },
              "type": "path"
            },
            {
              "d": "M827,119 l5,-16 -5,-15 -16,-5 -791,0 -15,5 166,-83 16,-5 791,0 15,5 6,15 -6,16 -166,83",
              "fill": {
                "paint": "transparent"
              },
              "name": "path",
              "stroke": {
                "paint": "#4c4c4c",
                "width": "2"
              },
              "type": "path"
            }
          ],
          "viewBox": "0 0 999 124"
        },
        "type": "ia.shapes.svg"
      },
      {
        "meta": {
          "name": "3-D cardboard box, sealed_1"
        },
        "position": {
          "height": 83,
          "width": 50,
          "x": 466,
          "y": 165.28375
        },
        "propConfig": {
          "meta.visible": {
            "binding": {
              "config": {
                "bidirectional": true,
                "fallbackDelay": 2.5,
                "mode": "indirect",
                "references": {
                  "1": "{../Dropdown.props.value}"
                },
                "tagPath": "[default]MQTT Tags/thing{1}/out/out1"
              },
              "type": "tag"
            }
          }
        },
        "props": {
          "elements": [
            {
              "d": "M0,763 l470,236 0,-706 -470,-176 0,646z",
              "fill": {
                "paint": "#c2a385"
              },
              "name": "path",
              "stroke": {
                "paint": "#4c4c4c",
                "width": "2"
              },
              "type": "path"
            },
            {
              "d": "M470,999 l470,-236 0,-646 -470,176 0,706z",
              "fill": {
                "paint": "#ad845b"
              },
              "name": "path",
              "stroke": {
                "paint": "#4c4c4c",
                "width": "2"
              },
              "type": "path"
            },
            {
              "d": "M0,117 l470,176 470,-176 -470,-117 -470,117z",
              "fill": {
                "paint": "#d6c2ad"
              },
              "name": "path",
              "stroke": {
                "paint": "#4c4c4c",
                "width": "2"
              },
              "type": "path"
            },
            {
              "d": "M272,220 l-96,-36 447,-147 118,29 -469,154z",
              "fill": {
                "paint": "#e0d1c1"
              },
              "name": "path",
              "stroke": {
                "paint": "#4c4c4c",
                "width": "2"
              },
              "type": "path"
            },
            {
              "d": "M272,220 l-96,-36 0,263 95,37 1,-264z",
              "fill": {
                "paint": "#ccb299"
              },
              "name": "path",
              "stroke": {
                "paint": "#4c4c4c",
                "width": "2"
              },
              "type": "path"
            }
          ],
          "viewBox": "0 0 940 999"
        },
        "type": "ia.shapes.svg"
      },
      {
        "meta": {
          "name": "Simple horizontal conveyor"
        },
        "position": {
          "height": 300,
          "width": 300,
          "x": 373,
          "y": 271.53125
        },
        "props": {
          "elements": [
            {
              "d": "M878,104 l-17,7 -833,0 -20,-7 -8,-21 8,-20 112,-55 17,-8 833,0 20,8 9,20 -9,19 -112,57z",
              "fill": {
                "paint": "#c0c0c0"
              },
              "name": "path",
              "stroke": {
                "paint": "#4c4c4c",
                "width": "2"
              },
              "type": "path"
            },
            {
              "d": "M499,83 l8,-20 20,-7 20,7 8,20 -8,21 -20,7 -20,-7 -8,-21",
              "fill": {
                "paint": "transparent"
              },
              "name": "path",
              "stroke": {
                "paint": "#4c4c4c",
                "width": "2"
              },
              "type": "path"
            },
            {
              "d": "M665,83 l8,-20 20,-7 20,7 8,20 -8,21 -20,7 -20,-7 -8,-21",
              "fill": {
                "paint": "transparent"
              },
              "name": "path",
              "stroke": {
                "paint": "#4c4c4c",
                "width": "2"
              },
              "type": "path"
            },
            {
              "d": "M833,83 l8,-20 20,-7 17,7 9,20 -9,21 -17,7 -20,-7 -8,-21",
              "fill": {
                "paint": "transparent"
              },
              "name": "path",
              "stroke": {
                "paint": "#4c4c4c",
                "width": "2"
              },
              "type": "path"
            },
            {
              "d": "M333,83 l8,-20 20,-7 18,7 8,20 -8,21 -18,7 -20,-7 -8,-21",
              "fill": {
                "paint": "transparent"
              },
              "name": "path",
              "stroke": {
                "paint": "#4c4c4c",
                "width": "2"
              },
              "type": "path"
            },
            {
              "d": "M165,83 l8,-20 20,-7 20,7 8,20 -8,21 -20,7 -20,-7 -8,-21",
              "fill": {
                "paint": "transparent"
              },
              "name": "path",
              "stroke": {
                "paint": "#4c4c4c",
                "width": "2"
              },
              "type": "path"
            },
            {
              "d": "M0,83 l8,-20 20,-7 19,7 9,20 -9,21 -19,7 -20,-7 -8,-21",
              "fill": {
                "paint": "transparent"
              },
              "name": "path",
              "stroke": {
                "paint": "#4c4c4c",
                "width": "2"
              },
              "type": "path"
            },
            {
              "d": "M28,56 l833,0",
              "fill": {
                "paint": "transparent"
              },
              "name": "path",
              "stroke": {
                "paint": "#4c4c4c",
                "width": "2"
              },
              "type": "path"
            }
          ],
          "viewBox": "0 0 999 111"
        },
        "type": "ia.shapes.svg"
      },
      {
        "meta": {
          "name": "Inclined conveyor with perspective"
        },
        "position": {
          "height": 138,
          "width": 300,
          "x": 396,
          "y": 260.53043701171873
        },
        "props": {
          "elements": [
            {
              "d": "M232,413 l-17,2 -13,-13 -1,-17 12,-12 749,-365 17,-2 12,12 2,17 -12,13 -749,365z",
              "fill": {
                "paint": "#4c4c4c"
              },
              "name": "path",
              "stroke": {
                "paint": "#4c4c4c",
                "width": "2"
              },
              "type": "path"
            },
            {
              "d": "M992,34 l-1,-16 -12,-11 -18,1 -10,13 1,16 12,11 17,0 11,-14z",
              "fill": {
                "paint": "#f2f2f2"
              },
              "name": "path",
              "stroke": {
                "paint": "#4c4c4c",
                "width": "2"
              },
              "type": "path"
            },
            {
              "d": "M953,54 l-1,-17 -12,-10 -18,0 -11,13 2,16 12,12 16,-1 12,-13z",
              "fill": {
                "paint": "#f2f2f2"
              },
              "name": "path",
              "stroke": {
                "paint": "#4c4c4c",
                "width": "2"
              },
              "type": "path"
            },
            {
              "d": "M913,73 l0,-17 -13,-11 -17,2 -11,12 1,17 12,11 17,-1 11,-13z",
              "fill": {
                "paint": "#f2f2f2"
              },
              "name": "path",
              "stroke": {
                "paint": "#4c4c4c",
                "width": "2"
              },
              "type": "path"
            },
            {
              "d": "M874,92 l-1,-16 -13,-11 -17,1 -10,12 1,17 12,11 16,-1 12,-13z",
              "fill": {
                "paint": "#f2f2f2"
              },
              "name": "path",
              "stroke": {
                "paint": "#4c4c4c",
                "width": "2"
              },
              "type": "path"
            },
            {
              "d": "M835,111 l-1,-16 -13,-11 -17,1 -11,12 1,17 13,11 16,-1 12,-13z",
              "fill": {
                "paint": "#f2f2f2"
              },
              "name": "path",
              "stroke": {
                "paint": "#4c4c4c",
                "width": "2"
              },
              "type": "path"
            },
            {
              "d": "M795,131 l-1,-17 -12,-11 -18,1 -10,13 1,16 12,11 17,-1 11,-12z",
              "fill": {
                "paint": "#f2f2f2"
              },
              "name": "path",
              "stroke": {
                "paint": "#4c4c4c",
                "width": "2"
              },
              "type": "path"
            },
            {
              "d": "M756,150 l-1,-17 -13,-11 -17,1 -11,13 1,16 13,12 16,-1 12,-13z",
              "fill": {
                "paint": "#f2f2f2"
              },
              "name": "path",
              "stroke": {
                "paint": "#4c4c4c",
                "width": "2"
              },
              "type": "path"
            },
            {
              "d": "M716,169 l-1,-17 -12,-10 -17,1 -11,13 1,16 13,11 16,-1 11,-13z",
              "fill": {
                "paint": "#f2f2f2"
              },
              "name": "path",
              "stroke": {
                "paint": "#4c4c4c",
                "width": "2"
              },
              "type": "path"
            },
            {
              "d": "M677,188 l-1,-16 -13,-11 -17,1 -11,13 1,16 13,11 16,-1 12,-13z",
              "fill": {
                "paint": "#f2f2f2"
              },
              "name": "path",
              "stroke": {
                "paint": "#4c4c4c",
                "width": "2"
              },
              "type": "path"
            },
            {
              "d": "M637,208 l-1,-17 -12,-11 -17,1 -11,13 1,16 12,11 17,-1 11,-12z",
              "fill": {
                "paint": "#f2f2f2"
              },
              "name": "path",
              "stroke": {
                "paint": "#4c4c4c",
                "width": "2"
              },
              "type": "path"
            },
            {
              "d": "M598,227 l-1,-17 -13,-11 -16,2 -12,12 1,17 13,11 17,-1 11,-13z",
              "fill": {
                "paint": "#f2f2f2"
              },
              "name": "path",
              "stroke": {
                "paint": "#4c4c4c",
                "width": "2"
              },
              "type": "path"
            },
            {
              "d": "M559,246 l-2,-16 -12,-12 -17,2 -11,12 1,17 13,11 16,-1 12,-13z",
              "fill": {
                "paint": "#f2f2f2"
              },
              "name": "path",
              "stroke": {
                "paint": "#4c4c4c",
                "width": "2"
              },
              "type": "path"
            },
            {
              "d": "M519,265 l-1,-16 -13,-11 -16,1 -12,12 1,17 13,11 16,-1 12,-13z",
              "fill": {
                "paint": "#f2f2f2"
              },
              "name": "path",
              "stroke": {
                "paint": "#4c4c4c",
                "width": "2"
              },
              "type": "path"
            },
            {
              "d": "M480,285 l-2,-17 -12,-11 -17,1 -11,13 1,16 13,11 16,-1 12,-12z",
              "fill": {
                "paint": "#f2f2f2"
              },
              "name": "path",
              "stroke": {
                "paint": "#4c4c4c",
                "width": "2"
              },
              "type": "path"
            },
            {
              "d": "M440,304 l-1,-17 -12,-11 -17,1 -11,13 1,17 12,10 17,0 11,-13z",
              "fill": {
                "paint": "#f2f2f2"
              },
              "name": "path",
              "stroke": {
                "paint": "#4c4c4c",
                "width": "2"
              },
              "type": "path"
            },
            {
              "d": "M401,323 l-1,-16 -13,-12 -17,2 -10,12 0,17 13,11 16,-1 12,-13z",
              "fill": {
                "paint": "#f2f2f2"
              },
              "name": "path",
              "stroke": {
                "paint": "#4c4c4c",
                "width": "2"
              },
              "type": "path"
            },
            {
              "d": "M361,342 l-1,-16 -12,-11 -17,1 -11,12 1,17 13,11 15,-1 12,-13z",
              "fill": {
                "paint": "#f2f2f2"
              },
              "name": "path",
              "stroke": {
                "paint": "#4c4c4c",
                "width": "2"
              },
              "type": "path"
            },
            {
              "d": "M322,362 l-1,-17 -12,-11 -18,1 -10,13 1,16 12,11 17,-1 11,-12z",
              "fill": {
                "paint": "#f2f2f2"
              },
              "name": "path",
              "stroke": {
                "paint": "#4c4c4c",
                "width": "2"
              },
              "type": "path"
            },
            {
              "d": "M283,381 l-1,-17 -13,-11 -17,1 -11,13 1,16 13,12 16,-2 12,-12z",
              "fill": {
                "paint": "#f2f2f2"
              },
              "name": "path",
              "stroke": {
                "paint": "#4c4c4c",
                "width": "2"
              },
              "type": "path"
            },
            {
              "d": "M243,400 l-1,-17 -12,-11 -17,1 -11,13 0,16 13,12 17,-1 11,-13z",
              "fill": {
                "paint": "#f2f2f2"
              },
              "name": "path",
              "stroke": {
                "paint": "#4c4c4c",
                "width": "2"
              },
              "type": "path"
            },
            {
              "d": "M982,31 l-1,-8 -6,-6 -8,1 -6,6 1,8 6,6 8,-1 6,-6z",
              "fill": {
                "paint": "#4c4c4c"
              },
              "name": "path",
              "type": "path"
            },
            {
              "d": "M942,50 l0,-8 -6,-6 -9,2 -6,5 1,9 6,5 9,0 5,-7z",
              "fill": {
                "paint": "#4c4c4c"
              },
              "name": "path",
              "type": "path"
            },
            {
              "d": "M903,70 l-1,-9 -6,-5 -8,1 -6,6 1,8 6,5 8,0 6,-6z",
              "fill": {
                "paint": "#4c4c4c"
              },
              "name": "path",
              "type": "path"
            },
            {
              "d": "M864,89 l-1,-9 -6,-5 -9,1 -5,6 0,8 7,6 8,-1 6,-6z",
              "fill": {
                "paint": "#4c4c4c"
              },
              "name": "path",
              "type": "path"
            },
            {
              "d": "M824,108 l0,-8 -7,-6 -8,1 -6,6 1,8 6,6 8,0 6,-7z",
              "fill": {
                "paint": "#4c4c4c"
              },
              "name": "path",
              "type": "path"
            },
            {
              "d": "M785,127 l-1,-8 -6,-5 -9,0 -5,6 0,9 6,5 9,0 6,-7z",
              "fill": {
                "paint": "#4c4c4c"
              },
              "name": "path",
              "type": "path"
            },
            {
              "d": "M746,147 l-1,-9 -7,-6 -8,1 -6,7 1,8 6,6 8,-1 7,-6z",
              "fill": {
                "paint": "#4c4c4c"
              },
              "name": "path",
              "type": "path"
            },
            {
              "d": "M706,166 l-1,-9 -6,-5 -9,0 -5,7 1,8 6,5 8,0 6,-6z",
              "fill": {
                "paint": "#4c4c4c"
              },
              "name": "path",
              "type": "path"
            },
            {
              "d": "M666,185 l0,-8 -6,-6 -9,1 -6,6 2,8 5,6 9,-1 5,-6z",
              "fill": {
                "paint": "#4c4c4c"
              },
              "name": "path",
              "type": "path"
            },
            {
              "d": "M627,204 l0,-8 -7,-6 -8,1 -6,6 1,8 6,6 8,-1 6,-6z",
              "fill": {
                "paint": "#4c4c4c"
              },
              "name": "path",
              "type": "path"
            },
            {
              "d": "M588,223 l-1,-8 -6,-5 -9,0 -5,6 0,9 7,5 8,0 6,-7z",
              "fill": {
                "paint": "#4c4c4c"
              },
              "name": "path",
              "type": "path"
            },
            {
              "d": "M548,243 l0,-9 -6,-5 -9,0 -6,7 1,8 6,5 8,0 6,-6z",
              "fill": {
                "paint": "#4c4c4c"
              },
              "name": "path",
              "type": "path"
            },
            {
              "d": "M509,262 l-1,-8 -6,-6 -8,1 -6,6 1,8 6,6 8,-1 6,-6z",
              "fill": {
                "paint": "#4c4c4c"
              },
              "name": "path",
              "type": "path"
            },
            {
              "d": "M469,281 l0,-8 -6,-6 -9,1 -6,6 1,8 6,6 8,0 6,-7z",
              "fill": {
                "paint": "#4c4c4c"
              },
              "name": "path",
              "type": "path"
            },
            {
              "d": "M430,300 l-1,-8 -6,-5 -8,0 -6,6 1,9 6,5 8,0 6,-7z",
              "fill": {
                "paint": "#4c4c4c"
              },
              "name": "path",
              "type": "path"
            },
            {
              "d": "M390,320 l0,-9 -6,-6 -9,1 -5,6 0,9 6,5 9,0 5,-6z",
              "fill": {
                "paint": "#4c4c4c"
              },
              "name": "path",
              "type": "path"
            },
            {
              "d": "M351,338 l0,-8 -7,-5 -8,0 -6,7 1,8 6,6 8,-1 6,-7z",
              "fill": {
                "paint": "#4c4c4c"
              },
              "name": "path",
              "type": "path"
            },
            {
              "d": "M312,358 l-1,-8 -6,-6 -9,1 -5,6 0,9 6,5 9,-1 6,-6z",
              "fill": {
                "paint": "#4c4c4c"
              },
              "name": "path",
              "type": "path"
            },
            {
              "d": "M272,377 l0,-8 -6,-6 -9,1 -6,6 1,8 6,6 9,0 5,-7z",
              "fill": {
                "paint": "#4c4c4c"
              },
              "name": "path",
              "type": "path"
            },
            {
              "d": "M233,396 l-1,-8 -6,-5 -9,0 -5,6 0,9 7,5 8,0 6,-7z",
              "fill": {
                "paint": "#4c4c4c"
              },
              "name": "path",
              "type": "path"
            },
            {
              "d": "M962,8 l-196,-1 -749,365 -12,12 196,1 12,-12 749,-365z",
              "fill": {
                "paint": "#b2b2b2"
              },
              "name": "path",
              "type": "path"
            },
            {
              "d": "M202,402 l13,13 -196,-1 -12,-13 195,1z",
              "fill": {
                "paint": "#666"
              },
              "name": "path",
              "type": "path"
            },
            {
              "d": "M202,402 l-1,-17 -196,-1 2,17 195,1z",
              "fill": {
                "paint": "#8c8c8c"
              },
              "name": "path",
              "type": "path"
            },
            {
              "d": "M962,8 l17,-2 -196,-1 -17,2 196,1z",
              "fill": {
                "paint": "#999"
              },
              "name": "path",
              "type": "path"
            },
            {
              "d": "M444,261 l-195,-2 -79,38 196,2 78,-38z",
              "fill": {
                "paint": "#a6a6a6"
              },
              "name": "path",
              "stroke": {
                "paint": "#7f7f7f",
                "width": "2"
              },
              "type": "path"
            },
            {
              "d": "M794,90 l-196,-1 -78,38 195,1 79,-38z",
              "fill": {
                "paint": "#a6a6a6"
              },
              "name": "path",
              "stroke": {
                "paint": "#7f7f7f",
                "width": "2"
              },
              "type": "path"
            },
            {
              "d": "M215,415 l-13,-13 -1,-17 12,-12 749,-365 17,-2 -196,-1 -17,2 -749,365 -12,12 2,17 12,13 196,1",
              "fill": {
                "paint": "transparent"
              },
              "name": "path",
              "stroke": {
                "paint": "#4c4c4c",
                "width": "2"
              },
              "type": "path"
            }
          ],
          "viewBox": "0 0 999 420"
        },
        "type": "ia.shapes.svg"
      },
      {
        "meta": {
          "name": "3-D cardboard box, sealed_2"
        },
        "position": {
          "height": 66,
          "width": 50,
          "x": 584,
          "y": 171.4985935058594
        },
        "props": {
          "elements": [
            {
              "d": "M0,763 l470,236 0,-706 -470,-176 0,646z",
              "fill": {
                "paint": "#c2a385"
              },
              "name": "path",
              "stroke": {
                "paint": "#4c4c4c",
                "width": "2"
              },
              "type": "path"
            },
            {
              "d": "M470,999 l470,-236 0,-646 -470,176 0,706z",
              "fill": {
                "paint": "#ad845b"
              },
              "name": "path",
              "stroke": {
                "paint": "#4c4c4c",
                "width": "2"
              },
              "type": "path"
            },
            {
              "d": "M0,117 l470,176 470,-176 -470,-117 -470,117z",
              "fill": {
                "paint": "#d6c2ad"
              },
              "name": "path",
              "stroke": {
                "paint": "#4c4c4c",
                "width": "2"
              },
              "type": "path"
            },
            {
              "d": "M272,220 l-96,-36 447,-147 118,29 -469,154z",
              "fill": {
                "paint": "#e0d1c1"
              },
              "name": "path",
              "stroke": {
                "paint": "#4c4c4c",
                "width": "2"
              },
              "type": "path"
            },
            {
              "d": "M272,220 l-96,-36 0,263 95,37 1,-264z",
              "fill": {
                "paint": "#ccb299"
              },
              "name": "path",
              "stroke": {
                "paint": "#4c4c4c",
                "width": "2"
              },
              "type": "path"
            }
          ],
          "viewBox": "0 0 940 999"
        },
        "type": "ia.shapes.svg"
      }
    ],
    "meta": {
      "name": "root"
    },
    "type": "ia.container.coord"
  }
}