{
  "custom": {},
  "params": {},
  "props": {
    "defaultSize": {
      "width": 260
    }
  },
  "root": {
    "children": [
      {
        "meta": {
          "name": "Features"
        },
        "position": {
          "grow": 1,
          "shrink": 0
        },
        "propConfig": {
          "props.items[0].style.fontWeight": {
            "binding": {
              "config": {
                "path": "page.props.path"
              },
              "transforms": [
                {
                  "expression": "if ({value} \u003d {this.props.items[0].target}, \"bold\", \"normal\")",
                  "type": "expression"
                }
              ],
              "type": "property"
            }
          },
          "props.items[1].style.fontWeight": {
            "binding": {
              "config": {
                "path": "page.props.path"
              },
              "transforms": [
                {
                  "expression": "if ({value} \u003d {this.props.items[1].target}, \"bold\", \"normal\")",
                  "type": "expression"
                }
              ],
              "type": "property"
            }
          },
          "props.items[2].style.fontWeight": {
            "binding": {
              "config": {
                "path": "page.props.path"
              },
              "transforms": [
                {
                  "expression": "if ({value} \u003d {this.props.items[2].target}, \"bold\", \"normal\")",
                  "type": "expression"
                }
              ],
              "type": "property"
            }
          },
          "props.items[3].style.fontWeight": {
            "binding": {
              "config": {
                "path": "page.props.path"
              },
              "transforms": [
                {
                  "expression": "if ({value} \u003d {this.props.items[1].target}, \"bold\", \"normal\")",
                  "type": "expression"
                }
              ],
              "type": "property"
            }
          },
          "props.items[4].style.fontWeight": {
            "binding": {
              "config": {
                "path": "page.props.path"
              },
              "transforms": [
                {
                  "expression": "if ({value} \u003d {this.props.items[1].target}, \"bold\", \"normal\")",
                  "type": "expression"
                }
              ],
              "type": "property"
            }
          }
        },
        "props": {
          "backActionStyle": {
            "classes": "Menu/All_Header"
          },
          "backActionText": "All Features",
          "itemStyle": {
            "classes": "Menu/Item"
          },
          "items": [
            {
              "items": [],
              "label": {
                "icon": {
                  "path": "material/menu_book"
                },
                "text": "Turtorial"
              },
              "navIcon": {},
              "showHeader": false,
              "style": {
                "classes": ""
              },
              "target": "/"
            },
            {
              "items": [],
              "label": {
                "icon": {
                  "path": "material/add_to_home_screen"
                },
                "text": "Smart Home"
              },
              "navIcon": {},
              "showHeader": false,
              "style": {
                "classes": ""
              },
              "target": "/smarthome"
            },
            {
              "items": [],
              "label": {
                "icon": {
                  "path": "material/person"
                },
                "text": "Object Detection"
              },
              "navIcon": {},
              "showHeader": false,
              "style": {
                "classes": ""
              },
              "target": "/objectDetection"
            },
            {
              "items": [],
              "label": {
                "icon": {
                  "path": "sample-components/symbols-motor"
                },
                "text": "Conveyor"
              },
              "navIcon": {},
              "showHeader": false,
              "style": {
                "classes": ""
              },
              "target": "/conveyor"
            },
            {
              "items": [],
              "label": {
                "icon": {
                  "path": "material/fullscreen"
                },
                "text": "Big Screen"
              },
              "navIcon": {},
              "showHeader": false,
              "style": {
                "classes": ""
              },
              "target": "/bigscreen"
            }
          ],
          "style": {
            "classes": "Menu/Menu"
          }
        },
        "type": "ia.navigation.menutree"
      }
    ],
    "meta": {
      "name": "root"
    },
    "props": {
      "style": {
        "classes": "Menu/Menu"
      }
    },
    "type": "ia.container.flex"
  }
}