{
  "custom": {},
  "params": {},
  "propConfig": {
    "params.feature": {
      "paramDirection": "input"
    },
    "params.key": {
      "paramDirection": "input"
    },
    "params.tier1": {
      "paramDirection": "input"
    },
    "params.tier2": {
      "paramDirection": "input"
    }
  },
  "props": {},
  "root": {
    "children": [
      {
        "meta": {
          "name": "Title"
        },
        "position": {
          "basis": "56px",
          "shrink": 0
        },
        "props": {
          "params": {
            "icon": "menu_book",
            "text": "Turtorial"
          },
          "path": "Page/Embedded/Title"
        },
        "type": "ia.display.view"
      },
      {
        "meta": {
          "hasDelegate": true,
          "name": "Spacer_1"
        },
        "position": {
          "basis": "12px",
          "shrink": 0
        },
        "type": "ia.display.label"
      },
      {
        "meta": {
          "hasDelegate": true,
          "name": "Welcome"
        },
        "position": {
          "basis": "20px",
          "shrink": 0
        },
        "props": {
          "style": {
            "classes": "Page/Bold Page/Margins Page/Text"
          },
          "text": "Configuration Information"
        },
        "type": "ia.display.label"
      },
      {
        "meta": {
          "hasDelegate": true,
          "name": "Spacer_2"
        },
        "position": {
          "basis": "10px",
          "shrink": 0
        },
        "type": "ia.display.label"
      },
      {
        "meta": {
          "hasDelegate": true,
          "name": "Spacer_3"
        },
        "position": {
          "basis": "10px",
          "shrink": 0
        },
        "type": "ia.display.label"
      },
      {
        "meta": {
          "name": "TextArea"
        },
        "position": {
          "basis": "674px"
        },
        "props": {
          "style": {
            "borderStyle": "none",
            "classes": "Page/Margins",
            "fontSize": 15
          },
          "text": "WIFI address: 192.168.10.01\nSSID: IT4Project\nPassword: IOT12345\n\nPi address: 192.168.10.2\n\nPressing Three Horizontal bars to top-left  reveals the menu.\n\nPage Info:\n- Smart Home: This page contains smart home data and controls.\n\n- Object Detection: This Page is the live video feed and the count of the Number of People in the frame.\n\n- Conveyor: Includes the data and controls for the conveyor.\n\n- Big Screen: This screen is configured to best fit on a large screen, displaying information of all the above mentioned screens."
        },
        "type": "ia.input.text-area"
      }
    ],
    "meta": {
      "name": "root"
    },
    "props": {
      "direction": "column",
      "style": {
        "classes": "Page/Page"
      }
    },
    "type": "ia.container.flex"
  }
}