{
  "custom": {},
  "params": {},
  "props": {
    "defaultSize": {
      "height": 634,
      "width": 372
    }
  },
  "root": {
    "children": [
      {
        "meta": {
          "name": "Label_1"
        },
        "position": {
          "height": 42.06999999999999,
          "width": 50.000000000000014,
          "x": 70.3475,
          "y": 91.945
        },
        "props": {
          "text": "Count"
        },
        "type": "ia.display.label"
      },
      {
        "meta": {
          "name": "Label_2"
        },
        "position": {
          "height": 42.06999999999999,
          "width": 69,
          "x": 179.381,
          "y": 135.095
        },
        "props": {
          "text": "Sensor2"
        },
        "type": "ia.display.label"
      },
      {
        "meta": {
          "name": "Label_3"
        },
        "position": {
          "height": 42.06,
          "width": 50.000000000000014,
          "x": 84.3475,
          "y": 136.585
        },
        "props": {
          "text": "Sensor1"
        },
        "type": "ia.display.label"
      },
      {
        "meta": {
          "name": "Label_4"
        },
        "position": {
          "height": 42.06999999999999,
          "rotate": {
            "anchor": "50% 113%"
          },
          "width": 58,
          "x": 190.472,
          "y": 260.371
        },
        "propConfig": {
          "props.text": {
            "binding": {
              "config": {
                "fallbackDelay": 2.5,
                "mode": "indirect",
                "references": {
                  "1": "{../TextField_0.props.text}",
                  "2": "{../Dropdown.props.value}"
                },
                "tagPath": "[MQTT Engine]{1}thing{2}/in/sensor2"
              },
              "type": "tag"
            }
          }
        },
        "type": "ia.display.label"
      },
      {
        "meta": {
          "name": "Label_5"
        },
        "position": {
          "height": 42.06,
          "width": 83,
          "x": 178.19075,
          "y": 285.26333587646485
        },
        "propConfig": {
          "props.text": {
            "binding": {
              "config": {
                "fallbackDelay": 2.5,
                "mode": "indirect",
                "references": {
                  "1": "{../TextField_0.props.text}",
                  "2": "{../Dropdown.props.value}"
                },
                "tagPath": "[MQTT Engine]{1}thing{2}/in/digitalIn"
              },
              "type": "tag"
            }
          }
        },
        "type": "ia.display.label"
      },
      {
        "meta": {
          "name": "Label_6"
        },
        "position": {
          "height": 42.06,
          "rotate": {
            "anchor": "-82% 0%"
          },
          "width": 74.00000000000001,
          "x": 96.69125,
          "y": 285.1591793823242
        },
        "props": {
          "text": "digitalIn"
        },
        "type": "ia.display.label"
      },
      {
        "meta": {
          "name": "Slider_0"
        },
        "position": {
          "height": 58,
          "width": 168.00000000000003,
          "x": 164.85,
          "y": 513.54
        },
        "propConfig": {
          "props.value": {
            "binding": {
              "config": {
                "bidirectional": true,
                "fallbackDelay": 2.5,
                "mode": "indirect",
                "references": {
                  "1": "{../Dropdown.props.value}"
                },
                "tagPath": "[default]MQTT Tags/thing{1}/out/stepperSpeed.value"
              },
              "type": "tag"
            }
          }
        },
        "props": {
          "labels": {
            "show": true
          },
          "step": 10
        },
        "type": "ia.input.slider"
      },
      {
        "meta": {
          "name": "MultiStateButton"
        },
        "position": {
          "height": 244,
          "rotate": {
            "anchor": "145% 50%"
          },
          "width": 130,
          "x": 23.427490844726563,
          "y": 327.27496337890625
        },
        "propConfig": {
          "props.controlValue": {
            "binding": {
              "config": {
                "bidirectional": true,
                "fallbackDelay": 2.5,
                "mode": "indirect",
                "references": {
                  "1": "{../Dropdown.props.value}"
                },
                "tagPath": "[default]MQTT Tags/thing{1}/out/StepperRun.value"
              },
              "type": "tag"
            }
          },
          "props.indicatorValue": {
            "binding": {
              "config": {
                "bidirectional": true,
                "fallbackDelay": 2.5,
                "mode": "indirect",
                "references": {
                  "1": "{../Dropdown.props.value}"
                },
                "tagPath": "[MQTT Engine]line1/thing{1}/out/stepperRun"
              },
              "type": "tag"
            }
          }
        },
        "props": {
          "defaultSelectedStyle": {
            "fontSize": 25
          },
          "defaultUnselectedStyle": {
            "fontSize": 25
          },
          "states": [
            {
              "selectedStyle": {
                "backgroundColor": "#00D900",
                "classes": ""
              },
              "text": "Forward",
              "unselectedStyle": {
                "classes": ""
              },
              "value": 1
            },
            {
              "selectedStyle": {
                "backgroundColor": "#F84553",
                "classes": ""
              },
              "text": "Stop",
              "unselectedStyle": {
                "classes": ""
              },
              "value": 0
            },
            {
              "selectedStyle": {
                "backgroundColor": "#ffa500",
                "classes": ""
              },
              "text": "Reverse",
              "unselectedStyle": {
                "classes": ""
              },
              "value": -1
            }
          ]
        },
        "type": "ia.input.multi-state-button"
      },
      {
        "meta": {
          "name": "Motor"
        },
        "position": {
          "height": 178,
          "width": 174,
          "x": 168.81,
          "y": 329.27
        },
        "propConfig": {
          "props.state": {
            "binding": {
              "config": {
                "fallbackDelay": 2.5,
                "mode": "indirect",
                "publishInitial": true,
                "references": {
                  "1": "{../TextField_0.props.text}",
                  "2": "{../Dropdown.props.value}"
                },
                "tagPath": "[MQTT Engine]{1}thing{2}/out/stepperRun.value"
              },
              "transforms": [
                {
                  "fallback": "?",
                  "inputType": "range",
                  "mappings": [
                    {
                      "input": {
                        "max": 0.5,
                        "min": -0.5
                      },
                      "output": "stopped"
                    },
                    {
                      "input": {
                        "max": 1,
                        "min": 1
                      },
                      "output": "running"
                    },
                    {
                      "input": {
                        "max": -1,
                        "min": -1
                      },
                      "output": "running"
                    }
                  ],
                  "outputType": "scalar",
                  "type": "map"
                }
              ],
              "type": "tag"
            }
          },
          "props.value.text": {
            "binding": {
              "config": {
                "fallbackDelay": 2.5,
                "mode": "indirect",
                "references": {
                  "1": "{../TextField_0.props.text}",
                  "2": "{../Dropdown.props.value}"
                },
                "tagPath": "[MQTT Engine]{1}thing{2}/out/stepperSpeed.value"
              },
              "type": "tag"
            }
          }
        },
        "props": {
          "label": {
            "style": {
              "fontSize": 25
            }
          },
          "value": {
            "style": {
              "fontSize": 25
            }
          }
        },
        "type": "ia.symbol.motor"
      },
      {
        "meta": {
          "name": "CylindricalTank"
        },
        "position": {
          "height": 95,
          "width": 76,
          "x": 175.01,
          "y": 171.37
        },
        "propConfig": {
          "props.value": {
            "binding": {
              "config": {
                "fallbackDelay": 2.5,
                "mode": "indirect",
                "references": {
                  "1": "{../Dropdown.props.value}",
                  "2": "{../TextField_0.props.text}"
                },
                "tagPath": "[MQTT Engine]{2}thing{1}/in/sensor2"
              },
              "type": "tag"
            }
          }
        },
        "props": {
          "capacity": 200
        },
        "type": "ia.display.cylindrical-tank"
      },
      {
        "meta": {
          "name": "TextField"
        },
        "position": {
          "height": 32,
          "width": 235.99999999999997,
          "x": 105.03,
          "y": 582.8299877929687
        },
        "propConfig": {
          "props.text": {
            "binding": {
              "config": {
                "bidirectional": true,
                "fallbackDelay": 2.5,
                "mode": "indirect",
                "references": {
                  "1": "{../Dropdown.props.value}"
                },
                "tagPath": "[default]MQTT Tags/thing{1}/out/message.value"
              },
              "type": "tag"
            }
          }
        },
        "type": "ia.input.text-field"
      },
      {
        "meta": {
          "name": "Label_8"
        },
        "position": {
          "height": 32,
          "width": 94,
          "x": 15.79,
          "y": 44.76250457763672
        },
        "props": {
          "text": "Namespace:"
        },
        "type": "ia.display.label"
      },
      {
        "meta": {
          "name": "Label_9"
        },
        "position": {
          "height": 32,
          "width": 117,
          "x": 16.13,
          "y": 4
        },
        "props": {
          "text": "Thing Number:"
        },
        "type": "ia.display.label"
      },
      {
        "meta": {
          "name": "Dropdown"
        },
        "position": {
          "height": 37,
          "width": 90,
          "x": 133.93,
          "y": 2.28084
        },
        "propConfig": {
          "props.options[0].isDisabled": {
            "binding": {
              "config": {
                "fallbackDelay": 2.5,
                "mode": "indirect",
                "references": {
                  "1": "{[default]namespace}"
                },
                "tagPath": "[MQTT Engine]{1}thing1/count.value"
              },
              "transforms": [
                {
                  "fallback": "true",
                  "inputType": "range",
                  "mappings": [
                    {
                      "input": {
                        "max": 0,
                        "min": 0
                      },
                      "output": "true"
                    },
                    {
                      "input": {
                        "max": 100000000000000,
                        "min": 0
                      },
                      "output": "false"
                    }
                  ],
                  "outputType": "expression",
                  "type": "map"
                }
              ],
              "type": "tag"
            }
          },
          "props.options[10].isDisabled": {
            "binding": {
              "config": {
                "fallbackDelay": 2.5,
                "mode": "indirect",
                "references": {
                  "1": "{[default]namespace}"
                },
                "tagPath": "[MQTT Engine]{1}thing11/count.value"
              },
              "transforms": [
                {
                  "fallback": "true",
                  "inputType": "range",
                  "mappings": [
                    {
                      "input": {
                        "max": 0,
                        "min": 0
                      },
                      "output": "true"
                    },
                    {
                      "input": {
                        "max": 100000000000000,
                        "min": 0
                      },
                      "output": "false"
                    }
                  ],
                  "outputType": "expression",
                  "type": "map"
                }
              ],
              "type": "tag"
            }
          },
          "props.options[11].isDisabled": {
            "binding": {
              "config": {
                "fallbackDelay": 2.5,
                "mode": "indirect",
                "references": {
                  "1": "{[default]namespace}"
                },
                "tagPath": "[MQTT Engine]{1}thing12/count.value"
              },
              "transforms": [
                {
                  "fallback": "true",
                  "inputType": "range",
                  "mappings": [
                    {
                      "input": {
                        "max": 0,
                        "min": 0
                      },
                      "output": "true"
                    },
                    {
                      "input": {
                        "max": 100000000000000,
                        "min": 0
                      },
                      "output": "false"
                    }
                  ],
                  "outputType": "expression",
                  "type": "map"
                }
              ],
              "type": "tag"
            }
          },
          "props.options[12].isDisabled": {
            "binding": {
              "config": {
                "fallbackDelay": 2.5,
                "mode": "indirect",
                "references": {
                  "1": "{[default]namespace}"
                },
                "tagPath": "[MQTT Engine]{1}thing13/count.value"
              },
              "transforms": [
                {
                  "fallback": "true",
                  "inputType": "range",
                  "mappings": [
                    {
                      "input": {
                        "max": 0,
                        "min": 0
                      },
                      "output": "true"
                    },
                    {
                      "input": {
                        "max": 100000000000000,
                        "min": 0
                      },
                      "output": "false"
                    }
                  ],
                  "outputType": "expression",
                  "type": "map"
                }
              ],
              "type": "tag"
            }
          },
          "props.options[13].isDisabled": {
            "binding": {
              "config": {
                "fallbackDelay": 2.5,
                "mode": "indirect",
                "references": {
                  "1": "{[default]namespace}"
                },
                "tagPath": "[MQTT Engine]{1}thing14/count.value"
              },
              "transforms": [
                {
                  "fallback": "true",
                  "inputType": "range",
                  "mappings": [
                    {
                      "input": {
                        "max": 0,
                        "min": 0
                      },
                      "output": "true"
                    },
                    {
                      "input": {
                        "max": 100000000000000,
                        "min": 0
                      },
                      "output": "false"
                    }
                  ],
                  "outputType": "expression",
                  "type": "map"
                }
              ],
              "type": "tag"
            }
          },
          "props.options[14].isDisabled": {
            "binding": {
              "config": {
                "fallbackDelay": 2.5,
                "mode": "indirect",
                "references": {
                  "1": "{[default]namespace}"
                },
                "tagPath": "[MQTT Engine]{1}thing15/count.value"
              },
              "transforms": [
                {
                  "fallback": "true",
                  "inputType": "range",
                  "mappings": [
                    {
                      "input": {
                        "max": 0,
                        "min": 0
                      },
                      "output": "true"
                    },
                    {
                      "input": {
                        "max": 100000000000000,
                        "min": 0
                      },
                      "output": "false"
                    }
                  ],
                  "outputType": "expression",
                  "type": "map"
                }
              ],
              "type": "tag"
            }
          },
          "props.options[15].isDisabled": {
            "binding": {
              "config": {
                "fallbackDelay": 2.5,
                "mode": "indirect",
                "references": {
                  "1": "{[default]namespace}"
                },
                "tagPath": "[MQTT Engine]{1}thing16/count.value"
              },
              "transforms": [
                {
                  "fallback": "true",
                  "inputType": "range",
                  "mappings": [
                    {
                      "input": {
                        "max": 0,
                        "min": 0
                      },
                      "output": "true"
                    },
                    {
                      "input": {
                        "max": 100000000000000,
                        "min": 0
                      },
                      "output": "false"
                    }
                  ],
                  "outputType": "expression",
                  "type": "map"
                }
              ],
              "type": "tag"
            }
          },
          "props.options[16].isDisabled": {
            "binding": {
              "config": {
                "fallbackDelay": 2.5,
                "mode": "indirect",
                "references": {
                  "1": "{[default]namespace}"
                },
                "tagPath": "[MQTT Engine]{1}thing17/count.value"
              },
              "transforms": [
                {
                  "fallback": "true",
                  "inputType": "range",
                  "mappings": [
                    {
                      "input": {
                        "max": 0,
                        "min": 0
                      },
                      "output": "true"
                    },
                    {
                      "input": {
                        "max": 100000000000000,
                        "min": 0
                      },
                      "output": "false"
                    }
                  ],
                  "outputType": "expression",
                  "type": "map"
                }
              ],
              "type": "tag"
            }
          },
          "props.options[17].isDisabled": {
            "binding": {
              "config": {
                "fallbackDelay": 2.5,
                "mode": "indirect",
                "references": {
                  "1": "{[default]namespace}"
                },
                "tagPath": "[MQTT Engine]{1}thing18/count.value"
              },
              "transforms": [
                {
                  "fallback": "true",
                  "inputType": "range",
                  "mappings": [
                    {
                      "input": {
                        "max": 0,
                        "min": 0
                      },
                      "output": "true"
                    },
                    {
                      "input": {
                        "max": 100000000000000,
                        "min": 0
                      },
                      "output": "false"
                    }
                  ],
                  "outputType": "expression",
                  "type": "map"
                }
              ],
              "type": "tag"
            }
          },
          "props.options[18].isDisabled": {
            "binding": {
              "config": {
                "fallbackDelay": 2.5,
                "mode": "indirect",
                "references": {
                  "1": "{[default]namespace}"
                },
                "tagPath": "[MQTT Engine]{1}thing19/count.value"
              },
              "transforms": [
                {
                  "fallback": "true",
                  "inputType": "range",
                  "mappings": [
                    {
                      "input": {
                        "max": 0,
                        "min": 0
                      },
                      "output": "true"
                    },
                    {
                      "input": {
                        "max": 100000000000000,
                        "min": 0
                      },
                      "output": "false"
                    }
                  ],
                  "outputType": "expression",
                  "type": "map"
                }
              ],
              "type": "tag"
            }
          },
          "props.options[19].isDisabled": {
            "binding": {
              "config": {
                "fallbackDelay": 2.5,
                "mode": "indirect",
                "references": {
                  "1": "{[default]namespace}"
                },
                "tagPath": "[MQTT Engine]{1}thing20/count.value"
              },
              "transforms": [
                {
                  "fallback": "true",
                  "inputType": "range",
                  "mappings": [
                    {
                      "input": {
                        "max": 0,
                        "min": 0
                      },
                      "output": "true"
                    },
                    {
                      "input": {
                        "max": 100000000000000,
                        "min": 0
                      },
                      "output": "false"
                    }
                  ],
                  "outputType": "expression",
                  "type": "map"
                }
              ],
              "type": "tag"
            }
          },
          "props.options[1].isDisabled": {
            "binding": {
              "config": {
                "fallbackDelay": 2.5,
                "mode": "indirect",
                "references": {
                  "1": "{[default]namespace}"
                },
                "tagPath": "[MQTT Engine]{1}thing2/count.value"
              },
              "transforms": [
                {
                  "fallback": "true",
                  "inputType": "range",
                  "mappings": [
                    {
                      "input": {
                        "max": 0,
                        "min": 0
                      },
                      "output": "true"
                    },
                    {
                      "input": {
                        "max": 100000000000000,
                        "min": 0
                      },
                      "output": "false"
                    }
                  ],
                  "outputType": "expression",
                  "type": "map"
                }
              ],
              "type": "tag"
            }
          },
          "props.options[20].isDisabled": {
            "binding": {
              "config": {
                "fallbackDelay": 2.5,
                "mode": "indirect",
                "references": {
                  "1": "{[default]namespace}"
                },
                "tagPath": "[MQTT Engine]{1}thing21/count.value"
              },
              "transforms": [
                {
                  "fallback": "true",
                  "inputType": "range",
                  "mappings": [
                    {
                      "input": {
                        "max": 0,
                        "min": 0
                      },
                      "output": "true"
                    },
                    {
                      "input": {
                        "max": 100000000000000,
                        "min": 0
                      },
                      "output": "false"
                    }
                  ],
                  "outputType": "expression",
                  "type": "map"
                }
              ],
              "type": "tag"
            }
          },
          "props.options[21].isDisabled": {
            "binding": {
              "config": {
                "fallbackDelay": 2.5,
                "mode": "indirect",
                "references": {
                  "1": "{[default]namespace}"
                },
                "tagPath": "[MQTT Engine]{1}thing22/count.value"
              },
              "transforms": [
                {
                  "fallback": "true",
                  "inputType": "range",
                  "mappings": [
                    {
                      "input": {
                        "max": 0,
                        "min": 0
                      },
                      "output": "true"
                    },
                    {
                      "input": {
                        "max": 100000000000000,
                        "min": 0
                      },
                      "output": "false"
                    }
                  ],
                  "outputType": "expression",
                  "type": "map"
                }
              ],
              "type": "tag"
            }
          },
          "props.options[22].isDisabled": {
            "binding": {
              "config": {
                "fallbackDelay": 2.5,
                "mode": "indirect",
                "references": {
                  "1": "{[default]namespace}"
                },
                "tagPath": "[MQTT Engine]{1}thing23/count.value"
              },
              "transforms": [
                {
                  "fallback": "true",
                  "inputType": "range",
                  "mappings": [
                    {
                      "input": {
                        "max": 0,
                        "min": 0
                      },
                      "output": "true"
                    },
                    {
                      "input": {
                        "max": 100000000000000,
                        "min": 0
                      },
                      "output": "false"
                    }
                  ],
                  "outputType": "expression",
                  "type": "map"
                }
              ],
              "type": "tag"
            }
          },
          "props.options[23].isDisabled": {
            "binding": {
              "config": {
                "fallbackDelay": 2.5,
                "mode": "indirect",
                "references": {
                  "1": "{[default]namespace}"
                },
                "tagPath": "[MQTT Engine]{1}thing24/count.value"
              },
              "transforms": [
                {
                  "fallback": "true",
                  "inputType": "range",
                  "mappings": [
                    {
                      "input": {
                        "max": 0,
                        "min": 0
                      },
                      "output": "true"
                    },
                    {
                      "input": {
                        "max": 100000000000000,
                        "min": 0
                      },
                      "output": "false"
                    }
                  ],
                  "outputType": "expression",
                  "type": "map"
                }
              ],
              "type": "tag"
            }
          },
          "props.options[24].isDisabled": {
            "binding": {
              "config": {
                "fallbackDelay": 2.5,
                "mode": "indirect",
                "references": {
                  "1": "{[default]namespace}"
                },
                "tagPath": "[MQTT Engine]{1}thing25/count.value"
              },
              "transforms": [
                {
                  "fallback": "true",
                  "inputType": "range",
                  "mappings": [
                    {
                      "input": {
                        "max": 0,
                        "min": 0
                      },
                      "output": "true"
                    },
                    {
                      "input": {
                        "max": 100000000000000,
                        "min": 0
                      },
                      "output": "false"
                    }
                  ],
                  "outputType": "expression",
                  "type": "map"
                }
              ],
              "type": "tag"
            }
          },
          "props.options[25].isDisabled": {
            "binding": {
              "config": {
                "fallbackDelay": 2.5,
                "mode": "indirect",
                "references": {
                  "1": "{[default]namespace}"
                },
                "tagPath": "[MQTT Engine]{1}thing26/count.value"
              },
              "transforms": [
                {
                  "fallback": "true",
                  "inputType": "range",
                  "mappings": [
                    {
                      "input": {
                        "max": 0,
                        "min": 0
                      },
                      "output": "true"
                    },
                    {
                      "input": {
                        "max": 100000000000000,
                        "min": 0
                      },
                      "output": "false"
                    }
                  ],
                  "outputType": "expression",
                  "type": "map"
                }
              ],
              "type": "tag"
            }
          },
          "props.options[26].isDisabled": {
            "binding": {
              "config": {
                "fallbackDelay": 2.5,
                "mode": "indirect",
                "references": {
                  "1": "{[default]namespace}"
                },
                "tagPath": "[MQTT Engine]{1}thing27/count.value"
              },
              "transforms": [
                {
                  "fallback": "true",
                  "inputType": "range",
                  "mappings": [
                    {
                      "input": {
                        "max": 0,
                        "min": 0
                      },
                      "output": "true"
                    },
                    {
                      "input": {
                        "max": 100000000000000,
                        "min": 0
                      },
                      "output": "false"
                    }
                  ],
                  "outputType": "expression",
                  "type": "map"
                }
              ],
              "type": "tag"
            }
          },
          "props.options[27].isDisabled": {
            "binding": {
              "config": {
                "fallbackDelay": 2.5,
                "mode": "indirect",
                "references": {
                  "1": "{[default]namespace}"
                },
                "tagPath": "[MQTT Engine]{1}thing28/count.value"
              },
              "transforms": [
                {
                  "fallback": "true",
                  "inputType": "range",
                  "mappings": [
                    {
                      "input": {
                        "max": 0,
                        "min": 0
                      },
                      "output": "true"
                    },
                    {
                      "input": {
                        "max": 100000000000000,
                        "min": 0
                      },
                      "output": "false"
                    }
                  ],
                  "outputType": "expression",
                  "type": "map"
                }
              ],
              "type": "tag"
            }
          },
          "props.options[28].isDisabled": {
            "binding": {
              "config": {
                "fallbackDelay": 2.5,
                "mode": "indirect",
                "references": {
                  "1": "{[default]namespace}"
                },
                "tagPath": "[MQTT Engine]{1}thing29/count.value"
              },
              "transforms": [
                {
                  "fallback": "true",
                  "inputType": "range",
                  "mappings": [
                    {
                      "input": {
                        "max": 0,
                        "min": 0
                      },
                      "output": "true"
                    },
                    {
                      "input": {
                        "max": 100000000000000,
                        "min": 0
                      },
                      "output": "false"
                    }
                  ],
                  "outputType": "expression",
                  "type": "map"
                }
              ],
              "type": "tag"
            }
          },
          "props.options[29].isDisabled": {
            "binding": {
              "config": {
                "fallbackDelay": 2.5,
                "mode": "indirect",
                "references": {
                  "1": "{[default]namespace}"
                },
                "tagPath": "[MQTT Engine]{1}thing30/count.value"
              },
              "transforms": [
                {
                  "fallback": "true",
                  "inputType": "range",
                  "mappings": [
                    {
                      "input": {
                        "max": 0,
                        "min": 0
                      },
                      "output": "true"
                    },
                    {
                      "input": {
                        "max": 100000000000000,
                        "min": 0
                      },
                      "output": "false"
                    }
                  ],
                  "outputType": "expression",
                  "type": "map"
                }
              ],
              "type": "tag"
            }
          },
          "props.options[2].isDisabled": {
            "binding": {
              "config": {
                "fallbackDelay": 2.5,
                "mode": "indirect",
                "references": {
                  "1": "{[default]namespace}"
                },
                "tagPath": "[MQTT Engine]{1}thing3/count.value"
              },
              "transforms": [
                {
                  "fallback": "true",
                  "inputType": "range",
                  "mappings": [
                    {
                      "input": {
                        "max": 0,
                        "min": 0
                      },
                      "output": "true"
                    },
                    {
                      "input": {
                        "max": 100000000000000,
                        "min": 0
                      },
                      "output": "false"
                    }
                  ],
                  "outputType": "expression",
                  "type": "map"
                }
              ],
              "type": "tag"
            }
          },
          "props.options[3].isDisabled": {
            "binding": {
              "config": {
                "fallbackDelay": 2.5,
                "mode": "indirect",
                "references": {
                  "1": "{[default]namespace}"
                },
                "tagPath": "[MQTT Engine]{1}thing4/count.value"
              },
              "transforms": [
                {
                  "fallback": "true",
                  "inputType": "range",
                  "mappings": [
                    {
                      "input": {
                        "max": 0,
                        "min": 0
                      },
                      "output": "true"
                    },
                    {
                      "input": {
                        "max": 100000000000000,
                        "min": 0
                      },
                      "output": "false"
                    }
                  ],
                  "outputType": "expression",
                  "type": "map"
                }
              ],
              "type": "tag"
            }
          },
          "props.options[4].isDisabled": {
            "binding": {
              "config": {
                "fallbackDelay": 2.5,
                "mode": "indirect",
                "references": {
                  "1": "{[default]namespace}"
                },
                "tagPath": "[MQTT Engine]{1}thing5/count.value"
              },
              "transforms": [
                {
                  "fallback": "true",
                  "inputType": "range",
                  "mappings": [
                    {
                      "input": {
                        "max": 0,
                        "min": 0
                      },
                      "output": "true"
                    },
                    {
                      "input": {
                        "max": 100000000000000,
                        "min": 0
                      },
                      "output": "false"
                    }
                  ],
                  "outputType": "expression",
                  "type": "map"
                }
              ],
              "type": "tag"
            }
          },
          "props.options[5].isDisabled": {
            "binding": {
              "config": {
                "fallbackDelay": 2.5,
                "mode": "indirect",
                "references": {
                  "1": "{[default]namespace}"
                },
                "tagPath": "[MQTT Engine]{1}thing6/count.value"
              },
              "transforms": [
                {
                  "fallback": "true",
                  "inputType": "range",
                  "mappings": [
                    {
                      "input": {
                        "max": 0,
                        "min": 0
                      },
                      "output": "true"
                    },
                    {
                      "input": {
                        "max": 100000000000000,
                        "min": 0
                      },
                      "output": "false"
                    }
                  ],
                  "outputType": "expression",
                  "type": "map"
                }
              ],
              "type": "tag"
            }
          },
          "props.options[6].isDisabled": {
            "binding": {
              "config": {
                "fallbackDelay": 2.5,
                "mode": "indirect",
                "references": {
                  "1": "{[default]namespace}"
                },
                "tagPath": "[MQTT Engine]{1}thing7/count.value"
              },
              "transforms": [
                {
                  "fallback": "true",
                  "inputType": "range",
                  "mappings": [
                    {
                      "input": {
                        "max": 0,
                        "min": 0
                      },
                      "output": "true"
                    },
                    {
                      "input": {
                        "max": 100000000000000,
                        "min": 0
                      },
                      "output": "false"
                    }
                  ],
                  "outputType": "expression",
                  "type": "map"
                }
              ],
              "type": "tag"
            }
          },
          "props.options[7].isDisabled": {
            "binding": {
              "config": {
                "fallbackDelay": 2.5,
                "mode": "indirect",
                "references": {
                  "1": "{[default]namespace}"
                },
                "tagPath": "[MQTT Engine]{1}thing8/count.value"
              },
              "transforms": [
                {
                  "fallback": "true",
                  "inputType": "range",
                  "mappings": [
                    {
                      "input": {
                        "max": 0,
                        "min": 0
                      },
                      "output": "true"
                    },
                    {
                      "input": {
                        "max": 100000000000000,
                        "min": 0
                      },
                      "output": "false"
                    }
                  ],
                  "outputType": "expression",
                  "type": "map"
                }
              ],
              "type": "tag"
            }
          },
          "props.options[8].isDisabled": {
            "binding": {
              "config": {
                "fallbackDelay": 2.5,
                "mode": "indirect",
                "references": {
                  "1": "{[default]namespace}"
                },
                "tagPath": "[MQTT Engine]{1}thing9/count.value"
              },
              "transforms": [
                {
                  "fallback": "true",
                  "inputType": "range",
                  "mappings": [
                    {
                      "input": {
                        "max": 0,
                        "min": 0
                      },
                      "output": "true"
                    },
                    {
                      "input": {
                        "max": 100000000000000,
                        "min": 0
                      },
                      "output": "false"
                    }
                  ],
                  "outputType": "expression",
                  "type": "map"
                }
              ],
              "type": "tag"
            }
          },
          "props.options[9].isDisabled": {
            "binding": {
              "config": {
                "fallbackDelay": 2.5,
                "mode": "indirect",
                "references": {
                  "1": "{[default]namespace}"
                },
                "tagPath": "[MQTT Engine]{1}thing10/count.value"
              },
              "transforms": [
                {
                  "fallback": "true",
                  "inputType": "range",
                  "mappings": [
                    {
                      "input": {
                        "max": 0,
                        "min": 0
                      },
                      "output": "true"
                    },
                    {
                      "input": {
                        "max": 100000000000000,
                        "min": 0
                      },
                      "output": "false"
                    }
                  ],
                  "outputType": "expression",
                  "type": "map"
                }
              ],
              "type": "tag"
            }
          }
        },
        "props": {
          "options": [
            {
              "label": 1,
              "value": 1
            },
            {
              "label": 2,
              "value": 2
            },
            {
              "label": 3,
              "value": 3
            },
            {
              "label": 4,
              "value": 4
            },
            {
              "label": 5,
              "value": 5
            },
            {
              "label": 6,
              "value": 6
            },
            {
              "label": 7,
              "value": 7
            },
            {
              "label": 8,
              "value": 8
            },
            {
              "label": 9,
              "value": 9
            },
            {
              "label": 10,
              "value": 10
            },
            {
              "label": 11,
              "value": 11
            },
            {
              "label": 12,
              "value": 12
            },
            {
              "label": 13,
              "value": 13
            },
            {
              "label": 14,
              "value": 14
            },
            {
              "label": 15,
              "value": 15
            },
            {
              "label": 16,
              "value": 16
            },
            {
              "label": 17,
              "value": 17
            },
            {
              "label": 18,
              "value": 18
            },
            {
              "label": 19,
              "value": 19
            },
            {
              "label": 20,
              "value": 20
            },
            {
              "label": 21,
              "value": 21
            },
            {
              "label": 22,
              "value": 22
            },
            {
              "label": 23,
              "value": 23
            },
            {
              "label": 24,
              "value": 24
            },
            {
              "label": 25,
              "value": 25
            },
            {
              "label": 26,
              "value": 26
            },
            {
              "label": 27,
              "value": 27
            },
            {
              "label": 28,
              "value": 28
            },
            {
              "label": 29,
              "value": 29
            },
            {
              "label": 30,
              "value": 30
            }
          ],
          "placeholder": {
            "text": "Select Thing Number"
          },
          "value": 1
        },
        "type": "ia.input.dropdown"
      },
      {
        "meta": {
          "name": "TextField_0"
        },
        "position": {
          "height": 32,
          "width": 218,
          "x": 117,
          "y": 47
        },
        "propConfig": {
          "props.text": {
            "binding": {
              "config": {
                "bidirectional": true,
                "fallbackDelay": 2.5,
                "mode": "direct",
                "tagPath": "[default]namespace"
              },
              "type": "tag"
            }
          }
        },
        "type": "ia.input.text-field"
      },
      {
        "meta": {
          "name": "ToggleSwitch_2"
        },
        "position": {
          "height": 36,
          "width": 104,
          "x": 261.333,
          "y": 95.135
        },
        "propConfig": {
          "props.label.style.backgroundColor": {
            "binding": {
              "config": {
                "fallbackDelay": 2.5,
                "mode": "indirect",
                "references": {
                  "1": "{[default]namespace.value}",
                  "2": "{../Dropdown.props.value}"
                },
                "tagPath": "[MQTT Engine]{1}thing{2}/out/out1.value"
              },
              "transforms": [
                {
                  "fallback": "#FFFFFF",
                  "inputType": "scalar",
                  "mappings": [
                    {
                      "input": "True",
                      "output": "#00D900"
                    },
                    {
                      "input": "False",
                      "output": "#D5D5D5"
                    }
                  ],
                  "outputType": "color",
                  "type": "map"
                }
              ],
              "type": "tag"
            }
          },
          "props.selected": {
            "binding": {
              "config": {
                "bidirectional": true,
                "fallbackDelay": 2.5,
                "mode": "indirect",
                "references": {
                  "1": "{../Dropdown.props.value}"
                },
                "tagPath": "[default]MQTT Tags/thing{1}/out/out1"
              },
              "type": "tag"
            }
          }
        },
        "props": {
          "label": {
            "text": "Out1"
          }
        },
        "type": "ia.input.toggle-switch"
      },
      {
        "meta": {
          "name": "ToggleSwitch_3"
        },
        "position": {
          "height": 36,
          "width": 104,
          "x": 261.3,
          "y": 146.1
        },
        "propConfig": {
          "props.label.style.backgroundColor": {
            "binding": {
              "config": {
                "fallbackDelay": 2.5,
                "mode": "indirect",
                "references": {
                  "1": "{[default]namespace.value}",
                  "2": "{../Dropdown.props.value}"
                },
                "tagPath": "[MQTT Engine]{1}thing{2}/out/out2.value"
              },
              "transforms": [
                {
                  "fallback": "#FFFFFF",
                  "inputType": "scalar",
                  "mappings": [
                    {
                      "input": "True",
                      "output": "#00D900"
                    },
                    {
                      "input": "False",
                      "output": "#D5D5D5"
                    }
                  ],
                  "outputType": "color",
                  "type": "map"
                }
              ],
              "type": "tag"
            }
          },
          "props.selected": {
            "binding": {
              "config": {
                "bidirectional": true,
                "fallbackDelay": 2.5,
                "mode": "indirect",
                "references": {
                  "1": "{../Dropdown.props.value}"
                },
                "tagPath": "[default]MQTT Tags/thing{1}/out/out2"
              },
              "type": "tag"
            }
          }
        },
        "props": {
          "label": {
            "text": "Out2"
          }
        },
        "type": "ia.input.toggle-switch"
      },
      {
        "meta": {
          "name": "ToggleSwitch_4"
        },
        "position": {
          "height": 36,
          "width": 104,
          "x": 261.3,
          "y": 197.1
        },
        "propConfig": {
          "props.label.style.backgroundColor": {
            "binding": {
              "config": {
                "fallbackDelay": 2.5,
                "mode": "indirect",
                "references": {
                  "1": "{[default]namespace.value}",
                  "2": "{../Dropdown.props.value}"
                },
                "tagPath": "[MQTT Engine]{1}thing{2}/out/out3.value"
              },
              "transforms": [
                {
                  "fallback": "#FFFFFF",
                  "inputType": "scalar",
                  "mappings": [
                    {
                      "input": "True",
                      "output": "#00D900"
                    },
                    {
                      "input": "False",
                      "output": "#D5D5D5"
                    }
                  ],
                  "outputType": "color",
                  "type": "map"
                }
              ],
              "type": "tag"
            }
          },
          "props.selected": {
            "binding": {
              "config": {
                "bidirectional": true,
                "fallbackDelay": 2.5,
                "mode": "indirect",
                "references": {
                  "1": "{../Dropdown.props.value}"
                },
                "tagPath": "[default]MQTT Tags/thing{1}/out/out3"
              },
              "type": "tag"
            }
          }
        },
        "props": {
          "label": {
            "text": "Out3"
          }
        },
        "type": "ia.input.toggle-switch"
      },
      {
        "meta": {
          "name": "ToggleSwitch_5"
        },
        "position": {
          "height": 36,
          "width": 104,
          "x": 261.3,
          "y": 248.1
        },
        "propConfig": {
          "props.label.style.backgroundColor": {
            "binding": {
              "config": {
                "fallbackDelay": 2.5,
                "mode": "indirect",
                "references": {
                  "1": "{[default]namespace.value}",
                  "2": "{../Dropdown.props.value}"
                },
                "tagPath": "[MQTT Engine]{1}thing{2}/out/out4.value"
              },
              "transforms": [
                {
                  "fallback": "#FFFFFF",
                  "inputType": "scalar",
                  "mappings": [
                    {
                      "input": "True",
                      "output": "#00D900"
                    },
                    {
                      "input": "False",
                      "output": "#D5D5D5"
                    }
                  ],
                  "outputType": "color",
                  "type": "map"
                }
              ],
              "type": "tag"
            }
          },
          "props.selected": {
            "binding": {
              "config": {
                "bidirectional": true,
                "fallbackDelay": 2.5,
                "mode": "indirect",
                "references": {
                  "1": "{../Dropdown.props.value}"
                },
                "tagPath": "[default]MQTT Tags/thing{1}/out/out4"
              },
              "type": "tag"
            }
          }
        },
        "props": {
          "label": {
            "text": "Out4"
          }
        },
        "type": "ia.input.toggle-switch"
      },
      {
        "meta": {
          "name": "LedDisplay"
        },
        "position": {
          "height": 32,
          "width": 147,
          "x": 119.19,
          "y": 98.1
        },
        "propConfig": {
          "props.value": {
            "binding": {
              "config": {
                "fallbackDelay": 2.5,
                "mode": "indirect",
                "references": {
                  "1": "{../TextField_0.props.text}",
                  "2": "{../Dropdown.props.value}"
                },
                "tagPath": "[MQTT Engine]{1}thing{2}/count"
              },
              "type": "tag"
            }
          }
        },
        "props": {
          "numberFormat": "#,##0"
        },
        "type": "ia.display.led-display"
      },
      {
        "meta": {
          "name": "MovingAnalogIndicator",
          "tooltip": {
            "tail": false
          }
        },
        "position": {
          "height": 93.99999999999997,
          "rotate": {
            "anchor": "100% 50%"
          },
          "width": 78,
          "x": 81.06,
          "y": 167.15043701171874
        },
        "propConfig": {
          "props.processValue": {
            "binding": {
              "config": {
                "fallbackDelay": 2.5,
                "mode": "indirect",
                "references": {
                  "1": "{../Dropdown.props.value}",
                  "2": "{../TextField_0.props.text}"
                },
                "tagPath": "[MQTT Engine]{2}thing{1}/in/sensor1"
              },
              "transforms": [
                {
                  "expression": "{value}",
                  "type": "expression"
                }
              ],
              "type": "tag"
            }
          }
        },
        "props": {
          "label": {
            "visible": true
          },
          "maxValue": 4095,
          "style": {
            "fontSize": null
          }
        },
        "type": "ia.display.moving-analog-indicator"
      },
      {
        "meta": {
          "name": "Label"
        },
        "position": {
          "height": 32,
          "width": 50,
          "x": 8.479,
          "y": 99.3022
        },
        "propConfig": {
          "props.style.backgroundColor": {
            "binding": {
              "config": {
                "fallbackDelay": 2.5,
                "mode": "indirect",
                "references": {
                  "1": "{[default]namespace.value}",
                  "2": "{../Dropdown.props.value}"
                },
                "tagPath": "[MQTT Engine]{1}thing{2}/in/digitalIn4.value"
              },
              "transforms": [
                {
                  "fallback": "#FFFFFF",
                  "inputType": "scalar",
                  "mappings": [
                    {
                      "input": "0",
                      "output": "#D5D5D5"
                    },
                    {
                      "input": "1",
                      "output": "#00D900"
                    }
                  ],
                  "outputType": "color",
                  "type": "map"
                }
              ],
              "type": "tag"
            }
          }
        },
        "props": {
          "text": "In1"
        },
        "type": "ia.display.label"
      },
      {
        "meta": {
          "name": "Label_0"
        },
        "position": {
          "height": 32,
          "width": 50,
          "x": 8.435,
          "y": 150.265
        },
        "props": {
          "text": "In2"
        },
        "type": "ia.display.label"
      },
      {
        "meta": {
          "name": "Label_13"
        },
        "position": {
          "height": 32,
          "width": 50,
          "x": 8.435,
          "y": 201.265
        },
        "props": {
          "text": "In3"
        },
        "type": "ia.display.label"
      },
      {
        "meta": {
          "name": "Label_14"
        },
        "position": {
          "height": 32,
          "width": 50,
          "x": 8.435,
          "y": 252.265
        },
        "props": {
          "text": "In4"
        },
        "type": "ia.display.label"
      },
      {
        "meta": {
          "name": "Label_10"
        },
        "position": {
          "height": 42.06999999999999,
          "rotate": {
            "anchor": "50% 113%"
          },
          "width": 58,
          "x": 90.472,
          "y": 260.371
        },
        "propConfig": {
          "props.text": {
            "binding": {
              "config": {
                "fallbackDelay": 2.5,
                "mode": "indirect",
                "references": {
                  "1": "{../TextField_0.props.text}",
                  "2": "{../Dropdown.props.value}"
                },
                "tagPath": "[MQTT Engine]{1}thing{2}/in/sensor1"
              },
              "type": "tag"
            }
          }
        },
        "type": "ia.display.label"
      }
    ],
    "events": {
      "dom": {
        "onClick": {
          "config": {
            "page": "/smartHomeView"
          },
          "scope": "C",
          "type": "nav"
        }
      }
    },
    "meta": {
      "contextMenu": {
        "enabled": true
      },
      "name": "root"
    },
    "position": {
      "x": -15.8125,
      "y": 4
    },
    "type": "ia.container.coord"
  }
}