{
  "custom": {},
  "params": {},
  "props": {
    "defaultSize": {
      "height": 48,
      "width": 521
    }
  },
  "root": {
    "children": [
      {
        "events": {
          "dom": {
            "onClick": {
              "config": {
                "params": {},
                "view": "ViewSmartHome"
              },
              "scope": "C",
              "type": "nav"
            }
          }
        },
        "meta": {
          "name": "Button"
        },
        "position": {
          "height": 34,
          "width": 110,
          "x": 7,
          "y": 7
        },
        "props": {
          "text": "Smart House"
        },
        "type": "ia.input.button"
      },
      {
        "events": {
          "dom": {
            "onClick": {
              "config": {
                "params": {},
                "view": "Viewthings"
              },
              "preventDefault": true,
              "scope": "C",
              "stopPropagation": true,
              "type": "nav"
            }
          }
        },
        "meta": {
          "name": "Button_0"
        },
        "position": {
          "height": 34,
          "width": 80,
          "x": 127,
          "y": 7
        },
        "props": {
          "text": "Things"
        },
        "type": "ia.input.button"
      },
      {
        "events": {
          "dom": {
            "onClick": {
              "config": {
                "params": {},
                "view": "Barcode"
              },
              "scope": "C",
              "type": "nav"
            }
          }
        },
        "meta": {
          "key": "value",
          "name": "Button_1"
        },
        "position": {
          "height": 34,
          "width": 80,
          "x": 220,
          "y": 7
        },
        "props": {
          "text": "Barcode"
        },
        "type": "ia.input.button"
      },
      {
        "events": {
          "dom": {
            "onClick": {
              "config": {
                "params": {},
                "view": "Object"
              },
              "scope": "C",
              "type": "nav"
            }
          }
        },
        "meta": {
          "name": "Button_2"
        },
        "position": {
          "height": 34,
          "width": 80,
          "x": 311,
          "y": 7
        },
        "props": {
          "text": "Object"
        },
        "type": "ia.input.button"
      },
      {
        "events": {
          "dom": {
            "onClick": {
              "config": {
                "params": {},
                "view": "Big Screen"
              },
              "scope": "C",
              "type": "nav"
            }
          }
        },
        "meta": {
          "name": "Button_3"
        },
        "position": {
          "height": 34,
          "width": 106,
          "x": 398,
          "y": 7
        },
        "props": {
          "text": "Large Screen"
        },
        "type": "ia.input.button"
      }
    ],
    "meta": {
      "name": "root"
    },
    "type": "ia.container.coord"
  }
}